n,assetId,sku,product,mothersDay,role,facets,seed,filename,prompt,negativePrompt
"1","fo-bq-007-hero","FO-BQ-007","Rose Harbour","yes","hero","bouquet · classic · classic","99507537","fo-bq-007-hero.png","A hand-tied bouquet of 18 soft pink roses with eucalyptus, wrapped in kraft paper and tied with plain twine, centred at 4:5 with an 8% margin on every side, on a neutral warm-grey seamless background, soft north light from the left, colour-accurate soft pink heads, natural stem structure, no hands, no faces, no text.","hands, fingers, arms, faces, people, shop interior, shopfront, premises, signage, text, lettering, numbers, watermark, logo, price tag, greetings card message, fused or impossible stems, extra petals, melted or waxy petals, plastic or silk flowers, wilted flowers, wrong flower species, implausible stem count, harsh flash, heavy vignette, cluttered background, props, tiled or repeated pattern"
"2","fo-bq-007-detail","FO-BQ-007","Rose Harbour","yes","detail","bouquet · classic · classic","212307852","fo-bq-007-detail.png","A close detail of the same bouquet of 18 soft pink roses: the three nearest heads filling the frame at 4:5, the kraft paper edge visible at the bottom, on a neutral warm-grey seamless background, soft north light from the left, petal texture and calyx sharp, colour-accurate soft pink, no hands, no faces, no text.","hands, fingers, arms, faces, people, shop interior, shopfront, premises, signage, text, lettering, numbers, watermark, logo, price tag, greetings card message, fused or impossible stems, extra petals, melted or waxy petals, plastic or silk flowers, wilted flowers, wrong flower species, implausible stem count, harsh flash, heavy vignette, cluttered background, props, tiled or repeated pattern"
"3","fo-bq-012-hero","FO-BQ-012","Meadow Post","yes","hero","bouquet · rustic · essential","251248847","fo-bq-012-hero.png","A hand-tied rustic bouquet of 25 soft pink tulips, wrapped in kraft paper and tied with plain twine, centred at 4:5 with an 8% margin on every side, on a neutral warm-grey seamless background, soft north light from the left, colour-accurate soft pink heads, natural stem structure, no hands, no faces, no text.","hands, fingers, arms, faces, people, shop interior, shopfront, premises, signage, text, lettering, numbers, watermark, logo, price tag, greetings card message, fused or impossible stems, extra petals, melted or waxy petals, plastic or silk flowers, wilted flowers, wrong flower species, implausible stem count, harsh flash, heavy vignette, cluttered background, props, tiled or repeated pattern"
"4","fo-bq-012-detail","FO-BQ-012","Meadow Post","yes","detail","bouquet · rustic · essential","16757853","fo-bq-012-detail.png","A close detail of the same bouquet of 25 soft pink tulips: the three nearest heads filling the frame at 4:5, the kraft paper edge visible at the bottom, on a neutral warm-grey seamless background, soft north light from the left, satin petal texture sharp, colour-accurate soft pink, no hands, no faces, no text.","hands, fingers, arms, faces, people, shop interior, shopfront, premises, signage, text, lettering, numbers, watermark, logo, price tag, greetings card message, fused or impossible stems, extra petals, melted or waxy petals, plastic or silk flowers, wilted flowers, wrong flower species, implausible stem count, harsh flash, heavy vignette, cluttered background, props, tiled or repeated pattern"
"5","fo-bq-018-hero","FO-BQ-018","Lily Terrace","yes","hero","bouquet · modern · premium","160533066","fo-bq-018-hero.png","A hand-tied modern bouquet of 8 soft pink lilies with dark green foliage, wrapped in white paper and tied with plain twine, centred at 4:5 with an 8% margin on every side, on a neutral warm-grey seamless background, soft north light from the left, colour-accurate soft pink heads, natural stem structure, no hands, no faces, no text.","hands, fingers, arms, faces, people, shop interior, shopfront, premises, signage, text, lettering, numbers, watermark, logo, price tag, greetings card message, fused or impossible stems, extra petals, melted or waxy petals, plastic or silk flowers, wilted flowers, wrong flower species, implausible stem count, harsh flash, heavy vignette, cluttered background, props, tiled or repeated pattern"
"6","fo-bq-018-detail","FO-BQ-018","Lily Terrace","yes","detail","bouquet · modern · premium","86719331","fo-bq-018-detail.png","A close detail of the same bouquet of 8 soft pink lilies: the three nearest heads filling the frame at 4:5, the white paper edge visible at the bottom, on a neutral warm-grey seamless background, soft north light from the left, stamens and petal veining sharp, colour-accurate soft pink, no hands, no faces, no text.","hands, fingers, arms, faces, people, shop interior, shopfront, premises, signage, text, lettering, numbers, watermark, logo, price tag, greetings card message, fused or impossible stems, extra petals, melted or waxy petals, plastic or silk flowers, wilted flowers, wrong flower species, implausible stem count, harsh flash, heavy vignette, cluttered background, props, tiled or repeated pattern"
"7","fo-bq-020-hero","FO-BQ-020","Soft June","yes","hero","bouquet · classic · premium","178791430","fo-bq-020-hero.png","A hand-tied bouquet of 15 soft pastel peonies, wrapped in white paper and tied with plain twine, centred at 4:5 with an 8% margin on every side, on a neutral warm-grey seamless background, soft north light from the left, colour-accurate soft pastel heads, natural stem structure, no hands, no faces, no text.","hands, fingers, arms, faces, people, shop interior, shopfront, premises, signage, text, lettering, numbers, watermark, logo, price tag, greetings card message, fused or impossible stems, extra petals, melted or waxy petals, plastic or silk flowers, wilted flowers, wrong flower species, implausible stem count, harsh flash, heavy vignette, cluttered background, props, tiled or repeated pattern"
"8","fo-bq-020-detail","FO-BQ-020","Soft June","yes","detail","bouquet · classic · premium","61495","fo-bq-020-detail.png","A close detail of the same bouquet of 15 soft pastel peonies: the three nearest heads filling the frame at 4:5, the white paper edge visible at the bottom, on a neutral warm-grey seamless background, soft north light from the left, ruffled petal layers and green sepals sharp, colour-accurate soft pastel, no hands, no faces, no text.","hands, fingers, arms, faces, people, shop interior, shopfront, premises, signage, text, lettering, numbers, watermark, logo, price tag, greetings card message, fused or impossible stems, extra petals, melted or waxy petals, plastic or silk flowers, wilted flowers, wrong flower species, implausible stem count, harsh flash, heavy vignette, cluttered background, props, tiled or repeated pattern"
"9","fo-bq-037-hero","FO-BQ-037","Spring Post","yes","hero","bouquet · rustic · essential","267979519","fo-bq-037-hero.png","A hand-tied rustic bouquet of 18 bright yellow seasonal stems, wrapped in kraft paper and tied with plain twine, centred at 4:5 with an 8% margin on every side, on a neutral warm-grey seamless background, soft north light from the left, colour-accurate bright yellow heads, natural stem structure, no hands, no faces, no text.","hands, fingers, arms, faces, people, shop interior, shopfront, premises, signage, text, lettering, numbers, watermark, logo, price tag, greetings card message, fused or impossible stems, extra petals, melted or waxy petals, plastic or silk flowers, wilted flowers, wrong flower species, implausible stem count, harsh flash, heavy vignette, cluttered background, props, tiled or repeated pattern"
"10","fo-bq-037-detail","FO-BQ-037","Spring Post","yes","detail","bouquet · rustic · essential","243783753","fo-bq-037-detail.png","A close detail of the same bouquet of 18 bright yellow seasonal stems: the three nearest heads filling the frame at 4:5, the kraft paper edge visible at the bottom, on a neutral warm-grey seamless background, soft north light from the left, petal texture across the three nearest heads sharp, colour-accurate bright yellow, no hands, no faces, no text.","hands, fingers, arms, faces, people, shop interior, shopfront, premises, signage, text, lettering, numbers, watermark, logo, price tag, greetings card message, fused or impossible stems, extra petals, melted or waxy petals, plastic or silk flowers, wilted flowers, wrong flower species, implausible stem count, harsh flash, heavy vignette, cluttered background, props, tiled or repeated pattern"
"11","fo-pt-002-hero","FO-PT-002","Moth Orchid Pink","yes","hero","plant · minimal · premium","27716966","fo-pt-002-hero.png","An orchid plant in flower, its soft pink blooms open, in a plain white ceramic pot, centred at 4:5 with an 8% margin on every side, on a neutral warm-grey seamless background, soft north light from the left, colour-accurate soft pink heads, natural stem structure, no hands, no faces, no text.","hands, fingers, arms, faces, people, shop interior, shopfront, premises, signage, text, lettering, numbers, watermark, logo, price tag, greetings card message, fused or impossible stems, extra petals, melted or waxy petals, plastic or silk flowers, wilted flowers, wrong flower species, implausible stem count, harsh flash, heavy vignette, cluttered background, props, tiled or repeated pattern"
"12","fo-pt-002-detail","FO-PT-002","Moth Orchid Pink","yes","detail","plant · minimal · premium","77882529","fo-pt-002-detail.png","A close detail of the same orchid plant: two or three soft pink blooms filling the frame at 4:5, the rim of the plain pot visible at the bottom, on a neutral warm-grey seamless background, soft north light from the left, the lip and column sharp, colour-accurate soft pink, no hands, no faces, no text.","hands, fingers, arms, faces, people, shop interior, shopfront, premises, signage, text, lettering, numbers, watermark, logo, price tag, greetings card message, fused or impossible stems, extra petals, melted or waxy petals, plastic or silk flowers, wilted flowers, wrong flower species, implausible stem count, harsh flash, heavy vignette, cluttered background, props, tiled or repeated pattern"
"13","fo-pt-008-hero","FO-PT-008","Azalea Pot","yes","hero","plant · classic · essential","167278054","fo-pt-008-hero.png","A flowering plant, its soft pink blooms open, in a plain white ceramic pot, centred at 4:5 with an 8% margin on every side, on a neutral warm-grey seamless background, soft north light from the left, colour-accurate soft pink heads, natural stem structure, no hands, no faces, no text.","hands, fingers, arms, faces, people, shop interior, shopfront, premises, signage, text, lettering, numbers, watermark, logo, price tag, greetings card message, fused or impossible stems, extra petals, melted or waxy petals, plastic or silk flowers, wilted flowers, wrong flower species, implausible stem count, harsh flash, heavy vignette, cluttered background, props, tiled or repeated pattern"
"14","fo-pt-008-detail","FO-PT-008","Azalea Pot","yes","detail","plant · classic · essential","211326119","fo-pt-008-detail.png","A close detail of the same flowering plant: two or three soft pink blooms filling the frame at 4:5, the rim of the plain pot visible at the bottom, on a neutral warm-grey seamless background, soft north light from the left, petal texture across the three nearest heads sharp, colour-accurate soft pink, no hands, no faces, no text.","hands, fingers, arms, faces, people, shop interior, shopfront, premises, signage, text, lettering, numbers, watermark, logo, price tag, greetings card message, fused or impossible stems, extra petals, melted or waxy petals, plastic or silk flowers, wilted flowers, wrong flower species, implausible stem count, harsh flash, heavy vignette, cluttered background, props, tiled or repeated pattern"
"15","fo-ar-002-hero","FO-AR-002","Mantelpiece","","hero","arrangement · classic · premium","206488132","fo-ar-002-hero.png","An arrangement of deep red roses with eucalyptus, arranged low in a plain kraft gift box, centred at 4:5 with an 8% margin on every side, on a neutral warm-grey seamless background, soft north light from the left, colour-accurate deep red heads, natural stem structure, no hands, no faces, no text.","hands, fingers, arms, faces, people, shop interior, shopfront, premises, signage, text, lettering, numbers, watermark, logo, price tag, greetings card message, fused or impossible stems, extra petals, melted or waxy petals, plastic or silk flowers, wilted flowers, wrong flower species, implausible stem count, harsh flash, heavy vignette, cluttered background, props, tiled or repeated pattern"
"16","fo-ar-002-detail","FO-AR-002","Mantelpiece","","detail","arrangement · classic · premium","3751211","fo-ar-002-detail.png","A close detail of the same arrangement of deep red roses: the three nearest heads filling the frame at 4:5, the kraft paper edge visible at the bottom, on a neutral warm-grey seamless background, soft north light from the left, petal texture and calyx sharp, colour-accurate deep red, no hands, no faces, no text.","hands, fingers, arms, faces, people, shop interior, shopfront, premises, signage, text, lettering, numbers, watermark, logo, price tag, greetings card message, fused or impossible stems, extra petals, melted or waxy petals, plastic or silk flowers, wilted flowers, wrong flower species, implausible stem count, harsh flash, heavy vignette, cluttered background, props, tiled or repeated pattern"
"17","fo-ar-004-hero","FO-AR-004","Desk Bloom","","hero","arrangement · modern · essential","23272157","fo-ar-004-hero.png","A modern arrangement of vivid gerberas, arranged low in a plain kraft gift box, centred at 4:5 with an 8% margin on every side, on a neutral warm-grey seamless background, soft north light from the left, colour-accurate vivid heads, natural stem structure, no hands, no faces, no text.","hands, fingers, arms, faces, people, shop interior, shopfront, premises, signage, text, lettering, numbers, watermark, logo, price tag, greetings card message, fused or impossible stems, extra petals, melted or waxy petals, plastic or silk flowers, wilted flowers, wrong flower species, implausible stem count, harsh flash, heavy vignette, cluttered background, props, tiled or repeated pattern"
"18","fo-ar-004-detail","FO-AR-004","Desk Bloom","","detail","arrangement · modern · essential","12396970","fo-ar-004-detail.png","A close detail of the same arrangement of vivid gerberas: the three nearest heads filling the frame at 4:5, the kraft paper edge visible at the bottom, on a neutral warm-grey seamless background, soft north light from the left, the flat disc florets and petal edges sharp, colour-accurate vivid, no hands, no faces, no text.","hands, fingers, arms, faces, people, shop interior, shopfront, premises, signage, text, lettering, numbers, watermark, logo, price tag, greetings card message, fused or impossible stems, extra petals, melted or waxy petals, plastic or silk flowers, wilted flowers, wrong flower species, implausible stem count, harsh flash, heavy vignette, cluttered background, props, tiled or repeated pattern"
"19","fo-ar-005-hero","FO-AR-005","Paper Window","","hero","arrangement · minimal · essential","241107673","fo-ar-005-hero.png","A restrained arrangement of soft pink tulips, arranged low in a plain kraft gift box, centred at 4:5 with an 8% margin on every side, on a neutral warm-grey seamless background, soft north light from the left, colour-accurate soft pink heads, natural stem structure, no hands, no faces, no text.","hands, fingers, arms, faces, people, shop interior, shopfront, premises, signage, text, lettering, numbers, watermark, logo, price tag, greetings card message, fused or impossible stems, extra petals, melted or waxy petals, plastic or silk flowers, wilted flowers, wrong flower species, implausible stem count, harsh flash, heavy vignette, cluttered background, props, tiled or repeated pattern"
"20","fo-ar-005-detail","FO-AR-005","Paper Window","","detail","arrangement · minimal · essential","155442018","fo-ar-005-detail.png","A close detail of the same arrangement of soft pink tulips: the three nearest heads filling the frame at 4:5, the kraft paper edge visible at the bottom, on a neutral warm-grey seamless background, soft north light from the left, satin petal texture sharp, colour-accurate soft pink, no hands, no faces, no text.","hands, fingers, arms, faces, people, shop interior, shopfront, premises, signage, text, lettering, numbers, watermark, logo, price tag, greetings card message, fused or impossible stems, extra petals, melted or waxy petals, plastic or silk flowers, wilted flowers, wrong flower species, implausible stem count, harsh flash, heavy vignette, cluttered background, props, tiled or repeated pattern"
"21","fo-ar-006-hero","FO-AR-006","Glass Morning","","hero","arrangement · classic · premium","152273867","fo-ar-006-hero.png","An arrangement of pure white lilies with dark green foliage, arranged low in a plain kraft gift box, centred at 4:5 with an 8% margin on every side, on a neutral warm-grey seamless background, soft north light from the left, colour-accurate pure white heads, natural stem structure, no hands, no faces, no text.","hands, fingers, arms, faces, people, shop interior, shopfront, premises, signage, text, lettering, numbers, watermark, logo, price tag, greetings card message, fused or impossible stems, extra petals, melted or waxy petals, plastic or silk flowers, wilted flowers, wrong flower species, implausible stem count, harsh flash, heavy vignette, cluttered background, props, tiled or repeated pattern"
"22","fo-ar-006-detail","FO-AR-006","Glass Morning","","detail","arrangement · classic · premium","117308987","fo-ar-006-detail.png","A close detail of the same arrangement of pure white lilies: the three nearest heads filling the frame at 4:5, the kraft paper edge visible at the bottom, on a neutral warm-grey seamless background, soft north light from the left, stamens and petal veining sharp, colour-accurate pure white, no hands, no faces, no text.","hands, fingers, arms, faces, people, shop interior, shopfront, premises, signage, text, lettering, numbers, watermark, logo, price tag, greetings card message, fused or impossible stems, extra petals, melted or waxy petals, plastic or silk flowers, wilted flowers, wrong flower species, implausible stem count, harsh flash, heavy vignette, cluttered background, props, tiled or repeated pattern"
"23","fo-ar-007-hero","FO-AR-007","Kitchen Table","","hero","arrangement · rustic · classic","184999176","fo-ar-007-hero.png","A rustic arrangement of mixed-colour seasonal stems, arranged low in a plain kraft gift box, centred at 4:5 with an 8% margin on every side, on a neutral warm-grey seamless background, soft north light from the left, colour-accurate mixed-colour heads, natural stem structure, no hands, no faces, no text.","hands, fingers, arms, faces, people, shop interior, shopfront, premises, signage, text, lettering, numbers, watermark, logo, price tag, greetings card message, fused or impossible stems, extra petals, melted or waxy petals, plastic or silk flowers, wilted flowers, wrong flower species, implausible stem count, harsh flash, heavy vignette, cluttered background, props, tiled or repeated pattern"
"24","fo-ar-007-detail","FO-AR-007","Kitchen Table","","detail","arrangement · rustic · classic","168172438","fo-ar-007-detail.png","A close detail of the same arrangement of mixed-colour seasonal stems: the three nearest heads filling the frame at 4:5, the kraft paper edge visible at the bottom, on a neutral warm-grey seamless background, soft north light from the left, petal texture across the three nearest heads sharp, colour-accurate mixed-colour, no hands, no faces, no text.","hands, fingers, arms, faces, people, shop interior, shopfront, premises, signage, text, lettering, numbers, watermark, logo, price tag, greetings card message, fused or impossible stems, extra petals, melted or waxy petals, plastic or silk flowers, wilted flowers, wrong flower species, implausible stem count, harsh flash, heavy vignette, cluttered background, props, tiled or repeated pattern"
"25","fo-ar-008-hero","FO-AR-008","Hallway Light","","hero","arrangement · modern · classic","243890895","fo-ar-008-hero.png","A modern arrangement of pure white mixed, arranged low in a plain kraft gift box, centred at 4:5 with an 8% margin on every side, on a neutral warm-grey seamless background, soft north light from the left, colour-accurate pure white heads, natural stem structure, no hands, no faces, no text.","hands, fingers, arms, faces, people, shop interior, shopfront, premises, signage, text, lettering, numbers, watermark, logo, price tag, greetings card message, fused or impossible stems, extra petals, melted or waxy petals, plastic or silk flowers, wilted flowers, wrong flower species, implausible stem count, harsh flash, heavy vignette, cluttered background, props, tiled or repeated pattern"
"26","fo-ar-008-detail","FO-AR-008","Hallway Light","","detail","arrangement · modern · classic","22907724","fo-ar-008-detail.png","A close detail of the same arrangement of pure white mixed: the three nearest heads filling the frame at 4:5, the kraft paper edge visible at the bottom, on a neutral warm-grey seamless background, soft north light from the left, petal texture across the three nearest heads sharp, colour-accurate pure white, no hands, no faces, no text.","hands, fingers, arms, faces, people, shop interior, shopfront, premises, signage, text, lettering, numbers, watermark, logo, price tag, greetings card message, fused or impossible stems, extra petals, melted or waxy petals, plastic or silk flowers, wilted flowers, wrong flower species, implausible stem count, harsh flash, heavy vignette, cluttered background, props, tiled or repeated pattern"
"27","fo-ar-009-hero","FO-AR-009","Reading Corner","","hero","arrangement · minimal · classic","251366525","fo-ar-009-hero.png","A restrained arrangement of deep purple freesias, arranged low in a plain kraft gift box, centred at 4:5 with an 8% margin on every side, on a neutral warm-grey seamless background, soft north light from the left, colour-accurate deep purple heads, natural stem structure, no hands, no faces, no text.","hands, fingers, arms, faces, people, shop interior, shopfront, premises, signage, text, lettering, numbers, watermark, logo, price tag, greetings card message, fused or impossible stems, extra petals, melted or waxy petals, plastic or silk flowers, wilted flowers, wrong flower species, implausible stem count, harsh flash, heavy vignette, cluttered background, props, tiled or repeated pattern"
"28","fo-ar-009-detail","FO-AR-009","Reading Corner","","detail","arrangement · minimal · classic","137931325","fo-ar-009-detail.png","A close detail of the same arrangement of deep purple freesias: the three nearest heads filling the frame at 4:5, the kraft paper edge visible at the bottom, on a neutral warm-grey seamless background, soft north light from the left, the trumpet throats and buds sharp, colour-accurate deep purple, no hands, no faces, no text.","hands, fingers, arms, faces, people, shop interior, shopfront, premises, signage, text, lettering, numbers, watermark, logo, price tag, greetings card message, fused or impossible stems, extra petals, melted or waxy petals, plastic or silk flowers, wilted flowers, wrong flower species, implausible stem count, harsh flash, heavy vignette, cluttered background, props, tiled or repeated pattern"
"29","fo-ar-010-hero","FO-AR-010","Studio Vase","","hero","arrangement · luxury · luxury","184984167","fo-ar-010-hero.png","A luxury arrangement of soft pink peonies, arranged low in a plain kraft gift box, centred at 4:5 with an 8% margin on every side, on a neutral warm-grey seamless background, soft north light from the left, colour-accurate soft pink heads, natural stem structure, no hands, no faces, no text.","hands, fingers, arms, faces, people, shop interior, shopfront, premises, signage, text, lettering, numbers, watermark, logo, price tag, greetings card message, fused or impossible stems, extra petals, melted or waxy petals, plastic or silk flowers, wilted flowers, wrong flower species, implausible stem count, harsh flash, heavy vignette, cluttered background, props, tiled or repeated pattern"
"30","fo-ar-010-detail","FO-AR-010","Studio Vase","","detail","arrangement · luxury · luxury","138397181","fo-ar-010-detail.png","A close detail of the same arrangement of soft pink peonies: the three nearest heads filling the frame at 4:5, the kraft paper edge visible at the bottom, on a neutral warm-grey seamless background, soft north light from the left, ruffled petal layers and green sepals sharp, colour-accurate soft pink, no hands, no faces, no text.","hands, fingers, arms, faces, people, shop interior, shopfront, premises, signage, text, lettering, numbers, watermark, logo, price tag, greetings card message, fused or impossible stems, extra petals, melted or waxy petals, plastic or silk flowers, wilted flowers, wrong flower species, implausible stem count, harsh flash, heavy vignette, cluttered background, props, tiled or repeated pattern"
"31","fo-ar-011-hero","FO-AR-011","Garden Crate","","hero","arrangement · rustic · classic","131619794","fo-ar-011-hero.png","A rustic arrangement of mixed-colour seasonal stems, arranged low in a plain kraft gift box, centred at 4:5 with an 8% margin on every side, on a neutral warm-grey seamless background, soft north light from the left, colour-accurate mixed-colour heads, natural stem structure, no hands, no faces, no text.","hands, fingers, arms, faces, people, shop interior, shopfront, premises, signage, text, lettering, numbers, watermark, logo, price tag, greetings card message, fused or impossible stems, extra petals, melted or waxy petals, plastic or silk flowers, wilted flowers, wrong flower species, implausible stem count, harsh flash, heavy vignette, cluttered background, props, tiled or repeated pattern"
"32","fo-ar-011-detail","FO-AR-011","Garden Crate","","detail","arrangement · rustic · classic","32886970","fo-ar-011-detail.png","A close detail of the same arrangement of mixed-colour seasonal stems: the three nearest heads filling the frame at 4:5, the kraft paper edge visible at the bottom, on a neutral warm-grey seamless background, soft north light from the left, petal texture across the three nearest heads sharp, colour-accurate mixed-colour, no hands, no faces, no text.","hands, fingers, arms, faces, people, shop interior, shopfront, premises, signage, text, lettering, numbers, watermark, logo, price tag, greetings card message, fused or impossible stems, extra petals, melted or waxy petals, plastic or silk flowers, wilted flowers, wrong flower species, implausible stem count, harsh flash, heavy vignette, cluttered background, props, tiled or repeated pattern"
"33","fo-ar-012-hero","FO-AR-012","White Cube","","hero","arrangement · minimal · premium","7675527","fo-ar-012-hero.png","A restrained arrangement of pure white roses with eucalyptus, arranged low in a plain kraft gift box, centred at 4:5 with an 8% margin on every side, on a neutral warm-grey seamless background, soft north light from the left, colour-accurate pure white heads, natural stem structure, no hands, no faces, no text.","hands, fingers, arms, faces, people, shop interior, shopfront, premises, signage, text, lettering, numbers, watermark, logo, price tag, greetings card message, fused or impossible stems, extra petals, melted or waxy petals, plastic or silk flowers, wilted flowers, wrong flower species, implausible stem count, harsh flash, heavy vignette, cluttered background, props, tiled or repeated pattern"
"34","fo-ar-012-detail","FO-AR-012","White Cube","","detail","arrangement · minimal · premium","7451324","fo-ar-012-detail.png","A close detail of the same arrangement of pure white roses: the three nearest heads filling the frame at 4:5, the kraft paper edge visible at the bottom, on a neutral warm-grey seamless background, soft north light from the left, petal texture and calyx sharp, colour-accurate pure white, no hands, no faces, no text.","hands, fingers, arms, faces, people, shop interior, shopfront, premises, signage, text, lettering, numbers, watermark, logo, price tag, greetings card message, fused or impossible stems, extra petals, melted or waxy petals, plastic or silk flowers, wilted flowers, wrong flower species, implausible stem count, harsh flash, heavy vignette, cluttered background, props, tiled or repeated pattern"
"35","fo-ar-013-hero","FO-AR-013","Copper Bowl","","hero","arrangement · rustic · classic","113278199","fo-ar-013-hero.png","A rustic arrangement of warm orange chrysanthemums with dark green foliage, arranged low in a plain kraft gift box, centred at 4:5 with an 8% margin on every side, on a neutral warm-grey seamless background, soft north light from the left, colour-accurate warm orange heads, natural stem structure, no hands, no faces, no text.","hands, fingers, arms, faces, people, shop interior, shopfront, premises, signage, text, lettering, numbers, watermark, logo, price tag, greetings card message, fused or impossible stems, extra petals, melted or waxy petals, plastic or silk flowers, wilted flowers, wrong flower species, implausible stem count, harsh flash, heavy vignette, cluttered background, props, tiled or repeated pattern"
"36","fo-ar-013-detail","FO-AR-013","Copper Bowl","","detail","arrangement · rustic · classic","194857451","fo-ar-013-detail.png","A close detail of the same arrangement of warm orange chrysanthemums: the three nearest heads filling the frame at 4:5, the kraft paper edge visible at the bottom, on a neutral warm-grey seamless background, soft north light from the left, the dense incurved petals sharp, colour-accurate warm orange, no hands, no faces, no text.","hands, fingers, arms, faces, people, shop interior, shopfront, premises, signage, text, lettering, numbers, watermark, logo, price tag, greetings card message, fused or impossible stems, extra petals, melted or waxy petals, plastic or silk flowers, wilted flowers, wrong flower species, implausible stem count, harsh flash, heavy vignette, cluttered background, props, tiled or repeated pattern"
"37","fo-ar-014-hero","FO-AR-014","Linen Basket","","hero","arrangement · rustic · essential","67539541","fo-ar-014-hero.png","A rustic arrangement of soft pastel alstroemeria, arranged low in a plain kraft gift box, centred at 4:5 with an 8% margin on every side, on a neutral warm-grey seamless background, soft north light from the left, colour-accurate soft pastel heads, natural stem structure, no hands, no faces, no text.","hands, fingers, arms, faces, people, shop interior, shopfront, premises, signage, text, lettering, numbers, watermark, logo, price tag, greetings card message, fused or impossible stems, extra petals, melted or waxy petals, plastic or silk flowers, wilted flowers, wrong flower species, implausible stem count, harsh flash, heavy vignette, cluttered background, props, tiled or repeated pattern"
"38","fo-ar-014-detail","FO-AR-014","Linen Basket","","detail","arrangement · rustic · essential","25083172","fo-ar-014-detail.png","A close detail of the same arrangement of soft pastel alstroemeria: the three nearest heads filling the frame at 4:5, the kraft paper edge visible at the bottom, on a neutral warm-grey seamless background, soft north light from the left, the petal markings and throat sharp, colour-accurate soft pastel, no hands, no faces, no text.","hands, fingers, arms, faces, people, shop interior, shopfront, premises, signage, text, lettering, numbers, watermark, logo, price tag, greetings card message, fused or impossible stems, extra petals, melted or waxy petals, plastic or silk flowers, wilted flowers, wrong flower species, implausible stem count, harsh flash, heavy vignette, cluttered background, props, tiled or repeated pattern"
"39","fo-bq-003-hero","FO-BQ-003","Baltic Dawn","","hero","bouquet · modern · classic","23955362","fo-bq-003-hero.png","A hand-tied modern bouquet of 18 soft pink roses with eucalyptus, wrapped in kraft paper and tied with plain twine, centred at 4:5 with an 8% margin on every side, on a neutral warm-grey seamless background, soft north light from the left, colour-accurate soft pink heads, natural stem structure, no hands, no faces, no text.","hands, fingers, arms, faces, people, shop interior, shopfront, premises, signage, text, lettering, numbers, watermark, logo, price tag, greetings card message, fused or impossible stems, extra petals, melted or waxy petals, plastic or silk flowers, wilted flowers, wrong flower species, implausible stem count, harsh flash, heavy vignette, cluttered background, props, tiled or repeated pattern"
"40","fo-bq-003-detail","FO-BQ-003","Baltic Dawn","","detail","bouquet · modern · classic","136474361","fo-bq-003-detail.png","A close detail of the same bouquet of 18 soft pink roses: the three nearest heads filling the frame at 4:5, the kraft paper edge visible at the bottom, on a neutral warm-grey seamless background, soft north light from the left, petal texture and calyx sharp, colour-accurate soft pink, no hands, no faces, no text.","hands, fingers, arms, faces, people, shop interior, shopfront, premises, signage, text, lettering, numbers, watermark, logo, price tag, greetings card message, fused or impossible stems, extra petals, melted or waxy petals, plastic or silk flowers, wilted flowers, wrong flower species, implausible stem count, harsh flash, heavy vignette, cluttered background, props, tiled or repeated pattern"
"41","fo-bq-004-hero","FO-BQ-004","Quiet Blush","","hero","bouquet · minimal · essential","152260295","fo-bq-004-hero.png","A hand-tied restrained bouquet of 18 soft pastel roses with eucalyptus, wrapped in kraft paper and tied with plain twine, centred at 4:5 with an 8% margin on every side, on a neutral warm-grey seamless background, soft north light from the left, colour-accurate soft pastel heads, natural stem structure, no hands, no faces, no text.","hands, fingers, arms, faces, people, shop interior, shopfront, premises, signage, text, lettering, numbers, watermark, logo, price tag, greetings card message, fused or impossible stems, extra petals, melted or waxy petals, plastic or silk flowers, wilted flowers, wrong flower species, implausible stem count, harsh flash, heavy vignette, cluttered background, props, tiled or repeated pattern"
"42","fo-bq-004-detail","FO-BQ-004","Quiet Blush","","detail","bouquet · minimal · essential","146519127","fo-bq-004-detail.png","A close detail of the same bouquet of 18 soft pastel roses: the three nearest heads filling the frame at 4:5, the kraft paper edge visible at the bottom, on a neutral warm-grey seamless background, soft north light from the left, petal texture and calyx sharp, colour-accurate soft pastel, no hands, no faces, no text.","hands, fingers, arms, faces, people, shop interior, shopfront, premises, signage, text, lettering, numbers, watermark, logo, price tag, greetings card message, fused or impossible stems, extra petals, melted or waxy petals, plastic or silk flowers, wilted flowers, wrong flower species, implausible stem count, harsh flash, heavy vignette, cluttered background, props, tiled or repeated pattern"
"43","fo-bq-005-hero","FO-BQ-005","Northern Light","","hero","bouquet · minimal · premium","137624724","fo-bq-005-hero.png","A hand-tied restrained bouquet of 18 pure white roses with eucalyptus, wrapped in white paper and tied with plain twine, centred at 4:5 with an 8% margin on every side, on a neutral warm-grey seamless background, soft north light from the left, colour-accurate pure white heads, natural stem structure, no hands, no faces, no text.","hands, fingers, arms, faces, people, shop interior, shopfront, premises, signage, text, lettering, numbers, watermark, logo, price tag, greetings card message, fused or impossible stems, extra petals, melted or waxy petals, plastic or silk flowers, wilted flowers, wrong flower species, implausible stem count, harsh flash, heavy vignette, cluttered background, props, tiled or repeated pattern"
"44","fo-bq-005-detail","FO-BQ-005","Northern Light","","detail","bouquet · minimal · premium","130950375","fo-bq-005-detail.png","A close detail of the same bouquet of 18 pure white roses: the three nearest heads filling the frame at 4:5, the white paper edge visible at the bottom, on a neutral warm-grey seamless background, soft north light from the left, petal texture and calyx sharp, colour-accurate pure white, no hands, no faces, no text.","hands, fingers, arms, faces, people, shop interior, shopfront, premises, signage, text, lettering, numbers, watermark, logo, price tag, greetings card message, fused or impossible stems, extra petals, melted or waxy petals, plastic or silk flowers, wilted flowers, wrong flower species, implausible stem count, harsh flash, heavy vignette, cluttered background, props, tiled or repeated pattern"
"45","fo-bq-006-hero","FO-BQ-006","Velvet Evening","","hero","bouquet · luxury · luxury","71081309","fo-bq-006-hero.png","A hand-tied luxury bouquet of 18 deep red roses with eucalyptus, wrapped in white paper and tied with plain twine, centred at 4:5 with an 8% margin on every side, on a neutral warm-grey seamless background, soft north light from the left, colour-accurate deep red heads, natural stem structure, no hands, no faces, no text.","hands, fingers, arms, faces, people, shop interior, shopfront, premises, signage, text, lettering, numbers, watermark, logo, price tag, greetings card message, fused or impossible stems, extra petals, melted or waxy petals, plastic or silk flowers, wilted flowers, wrong flower species, implausible stem count, harsh flash, heavy vignette, cluttered background, props, tiled or repeated pattern"
"46","fo-bq-006-detail","FO-BQ-006","Velvet Evening","","detail","bouquet · luxury · luxury","1781327","fo-bq-006-detail.png","A close detail of the same bouquet of 18 deep red roses: the three nearest heads filling the frame at 4:5, the white paper edge visible at the bottom, on a neutral warm-grey seamless background, soft north light from the left, petal texture and calyx sharp, colour-accurate deep red, no hands, no faces, no text.","hands, fingers, arms, faces, people, shop interior, shopfront, premises, signage, text, lettering, numbers, watermark, logo, price tag, greetings card message, fused or impossible stems, extra petals, melted or waxy petals, plastic or silk flowers, wilted flowers, wrong flower species, implausible stem count, harsh flash, heavy vignette, cluttered background, props, tiled or repeated pattern"
"47","fo-bq-008-hero","FO-BQ-008","Winter Rose","","hero","bouquet · classic · premium","110233861","fo-bq-008-hero.png","A hand-tied bouquet of 18 pure white roses with eucalyptus, wrapped in white paper and tied with plain twine, centred at 4:5 with an 8% margin on every side, on a neutral warm-grey seamless background, soft north light from the left, colour-accurate pure white heads, natural stem structure, no hands, no faces, no text.","hands, fingers, arms, faces, people, shop interior, shopfront, premises, signage, text, lettering, numbers, watermark, logo, price tag, greetings card message, fused or impossible stems, extra petals, melted or waxy petals, plastic or silk flowers, wilted flowers, wrong flower species, implausible stem count, harsh flash, heavy vignette, cluttered background, props, tiled or repeated pattern"
"48","fo-bq-008-detail","FO-BQ-008","Winter Rose","","detail","bouquet · classic · premium","36475882","fo-bq-008-detail.png","A close detail of the same bouquet of 18 pure white roses: the three nearest heads filling the frame at 4:5, the white paper edge visible at the bottom, on a neutral warm-grey seamless background, soft north light from the left, petal texture and calyx sharp, colour-accurate pure white, no hands, no faces, no text.","hands, fingers, arms, faces, people, shop interior, shopfront, premises, signage, text, lettering, numbers, watermark, logo, price tag, greetings card message, fused or impossible stems, extra petals, melted or waxy petals, plastic or silk flowers, wilted flowers, wrong flower species, implausible stem count, harsh flash, heavy vignette, cluttered background, props, tiled or repeated pattern"
"49","fo-bq-010-hero","FO-BQ-010","Sunday Market","","hero","bouquet · rustic · essential","252981911","fo-bq-010-hero.png","A hand-tied rustic bouquet of 25 bright yellow tulips, wrapped in kraft paper and tied with plain twine, centred at 4:5 with an 8% margin on every side, on a neutral warm-grey seamless background, soft north light from the left, colour-accurate bright yellow heads, natural stem structure, no hands, no faces, no text.","hands, fingers, arms, faces, people, shop interior, shopfront, premises, signage, text, lettering, numbers, watermark, logo, price tag, greetings card message, fused or impossible stems, extra petals, melted or waxy petals, plastic or silk flowers, wilted flowers, wrong flower species, implausible stem count, harsh flash, heavy vignette, cluttered background, props, tiled or repeated pattern"
"50","fo-bq-010-detail","FO-BQ-010","Sunday Market","","detail","bouquet · rustic · essential","55793566","fo-bq-010-detail.png","A close detail of the same bouquet of 25 bright yellow tulips: the three nearest heads filling the frame at 4:5, the kraft paper edge visible at the bottom, on a neutral warm-grey seamless background, soft north light from the left, satin petal texture sharp, colour-accurate bright yellow, no hands, no faces, no text.","hands, fingers, arms, faces, people, shop interior, shopfront, premises, signage, text, lettering, numbers, watermark, logo, price tag, greetings card message, fused or impossible stems, extra petals, melted or waxy petals, plastic or silk flowers, wilted flowers, wrong flower species, implausible stem count, harsh flash, heavy vignette, cluttered background, props, tiled or repeated pattern"
"51","fo-bq-011-hero","FO-BQ-011","First Thaw","","hero","bouquet · minimal · classic","234726282","fo-bq-011-hero.png","A hand-tied restrained bouquet of 25 pure white tulips, wrapped in kraft paper and tied with plain twine, centred at 4:5 with an 8% margin on every side, on a neutral warm-grey seamless background, soft north light from the left, colour-accurate pure white heads, natural stem structure, no hands, no faces, no text.","hands, fingers, arms, faces, people, shop interior, shopfront, premises, signage, text, lettering, numbers, watermark, logo, price tag, greetings card message, fused or impossible stems, extra petals, melted or waxy petals, plastic or silk flowers, wilted flowers, wrong flower species, implausible stem count, harsh flash, heavy vignette, cluttered background, props, tiled or repeated pattern"
"52","fo-bq-011-detail","FO-BQ-011","First Thaw","","detail","bouquet · minimal · classic","256211173","fo-bq-011-detail.png","A close detail of the same bouquet of 25 pure white tulips: the three nearest heads filling the frame at 4:5, the kraft paper edge visible at the bottom, on a neutral warm-grey seamless background, soft north light from the left, satin petal texture sharp, colour-accurate pure white, no hands, no faces, no text.","hands, fingers, arms, faces, people, shop interior, shopfront, premises, signage, text, lettering, numbers, watermark, logo, price tag, greetings card message, fused or impossible stems, extra petals, melted or waxy petals, plastic or silk flowers, wilted flowers, wrong flower species, implausible stem count, harsh flash, heavy vignette, cluttered background, props, tiled or repeated pattern"
"53","fo-bq-013-hero","FO-BQ-013","April Window","","hero","bouquet · modern · classic","235267052","fo-bq-013-hero.png","A hand-tied modern bouquet of 25 deep purple tulips, wrapped in kraft paper and tied with plain twine, centred at 4:5 with an 8% margin on every side, on a neutral warm-grey seamless background, soft north light from the left, colour-accurate deep purple heads, natural stem structure, no hands, no faces, no text.","hands, fingers, arms, faces, people, shop interior, shopfront, premises, signage, text, lettering, numbers, watermark, logo, price tag, greetings card message, fused or impossible stems, extra petals, melted or waxy petals, plastic or silk flowers, wilted flowers, wrong flower species, implausible stem count, harsh flash, heavy vignette, cluttered background, props, tiled or repeated pattern"
"54","fo-bq-013-detail","FO-BQ-013","April Window","","detail","bouquet · modern · classic","225783200","fo-bq-013-detail.png","A close detail of the same bouquet of 25 deep purple tulips: the three nearest heads filling the frame at 4:5, the kraft paper edge visible at the bottom, on a neutral warm-grey seamless background, soft north light from the left, satin petal texture sharp, colour-accurate deep purple, no hands, no faces, no text.","hands, fingers, arms, faces, people, shop interior, shopfront, premises, signage, text, lettering, numbers, watermark, logo, price tag, greetings card message, fused or impossible stems, extra petals, melted or waxy petals, plastic or silk flowers, wilted flowers, wrong flower species, implausible stem count, harsh flash, heavy vignette, cluttered background, props, tiled or repeated pattern"
"55","fo-bq-014-hero","FO-BQ-014","Tulip Parade","","hero","bouquet · modern · classic","149007113","fo-bq-014-hero.png","A hand-tied modern bouquet of 25 vivid tulips, wrapped in kraft paper and tied with plain twine, centred at 4:5 with an 8% margin on every side, on a neutral warm-grey seamless background, soft north light from the left, colour-accurate vivid heads, natural stem structure, no hands, no faces, no text.","hands, fingers, arms, faces, people, shop interior, shopfront, premises, signage, text, lettering, numbers, watermark, logo, price tag, greetings card message, fused or impossible stems, extra petals, melted or waxy petals, plastic or silk flowers, wilted flowers, wrong flower species, implausible stem count, harsh flash, heavy vignette, cluttered background, props, tiled or repeated pattern"
"56","fo-bq-014-detail","FO-BQ-014","Tulip Parade","","detail","bouquet · modern · classic","234638676","fo-bq-014-detail.png","A close detail of the same bouquet of 25 vivid tulips: the three nearest heads filling the frame at 4:5, the kraft paper edge visible at the bottom, on a neutral warm-grey seamless background, soft north light from the left, satin petal texture sharp, colour-accurate vivid, no hands, no faces, no text.","hands, fingers, arms, faces, people, shop interior, shopfront, premises, signage, text, lettering, numbers, watermark, logo, price tag, greetings card message, fused or impossible stems, extra petals, melted or waxy petals, plastic or silk flowers, wilted flowers, wrong flower species, implausible stem count, harsh flash, heavy vignette, cluttered background, props, tiled or repeated pattern"
"57","fo-bq-016-hero","FO-BQ-016","Evening Chapel","","hero","bouquet · classic · premium","50990919","fo-bq-016-hero.png","A hand-tied bouquet of 8 pure white lilies with dark green foliage, wrapped in white paper and tied with plain twine, centred at 4:5 with an 8% margin on every side, on a neutral warm-grey seamless background, soft north light from the left, colour-accurate pure white heads, natural stem structure, no hands, no faces, no text.","hands, fingers, arms, faces, people, shop interior, shopfront, premises, signage, text, lettering, numbers, watermark, logo, price tag, greetings card message, fused or impossible stems, extra petals, melted or waxy petals, plastic or silk flowers, wilted flowers, wrong flower species, implausible stem count, harsh flash, heavy vignette, cluttered background, props, tiled or repeated pattern"
"58","fo-bq-016-detail","FO-BQ-016","Evening Chapel","","detail","bouquet · classic · premium","103712391","fo-bq-016-detail.png","A close detail of the same bouquet of 8 pure white lilies: the three nearest heads filling the frame at 4:5, the white paper edge visible at the bottom, on a neutral warm-grey seamless background, soft north light from the left, stamens and petal veining sharp, colour-accurate pure white, no hands, no faces, no text.","hands, fingers, arms, faces, people, shop interior, shopfront, premises, signage, text, lettering, numbers, watermark, logo, price tag, greetings card message, fused or impossible stems, extra petals, melted or waxy petals, plastic or silk flowers, wilted flowers, wrong flower species, implausible stem count, harsh flash, heavy vignette, cluttered background, props, tiled or repeated pattern"
"59","fo-bq-017-hero","FO-BQ-017","Snow Lantern","","hero","bouquet · minimal · classic","239140107","fo-bq-017-hero.png","A hand-tied restrained bouquet of 8 pure white lilies with dark green foliage, wrapped in kraft paper and tied with plain twine, centred at 4:5 with an 8% margin on every side, on a neutral warm-grey seamless background, soft north light from the left, colour-accurate pure white heads, natural stem structure, no hands, no faces, no text.","hands, fingers, arms, faces, people, shop interior, shopfront, premises, signage, text, lettering, numbers, watermark, logo, price tag, greetings card message, fused or impossible stems, extra petals, melted or waxy petals, plastic or silk flowers, wilted flowers, wrong flower species, implausible stem count, harsh flash, heavy vignette, cluttered background, props, tiled or repeated pattern"
"60","fo-bq-017-detail","FO-BQ-017","Snow Lantern","","detail","bouquet · minimal · classic","205902495","fo-bq-017-detail.png","A close detail of the same bouquet of 8 pure white lilies: the three nearest heads filling the frame at 4:5, the kraft paper edge visible at the bottom, on a neutral warm-grey seamless background, soft north light from the left, stamens and petal veining sharp, colour-accurate pure white, no hands, no faces, no text.","hands, fingers, arms, faces, people, shop interior, shopfront, premises, signage, text, lettering, numbers, watermark, logo, price tag, greetings card message, fused or impossible stems, extra petals, melted or waxy petals, plastic or silk flowers, wilted flowers, wrong flower species, implausible stem count, harsh flash, heavy vignette, cluttered background, props, tiled or repeated pattern"
"61","fo-bq-021-hero","FO-BQ-021","Blush Terrace","","hero","bouquet · luxury · luxury","32802099","fo-bq-021-hero.png","A hand-tied luxury bouquet of 15 soft pink peonies, wrapped in white paper and tied with plain twine, centred at 4:5 with an 8% margin on every side, on a neutral warm-grey seamless background, soft north light from the left, colour-accurate soft pink heads, natural stem structure, no hands, no faces, no text.","hands, fingers, arms, faces, people, shop interior, shopfront, premises, signage, text, lettering, numbers, watermark, logo, price tag, greetings card message, fused or impossible stems, extra petals, melted or waxy petals, plastic or silk flowers, wilted flowers, wrong flower species, implausible stem count, harsh flash, heavy vignette, cluttered background, props, tiled or repeated pattern"
"62","fo-bq-021-detail","FO-BQ-021","Blush Terrace","","detail","bouquet · luxury · luxury","97779812","fo-bq-021-detail.png","A close detail of the same bouquet of 15 soft pink peonies: the three nearest heads filling the frame at 4:5, the white paper edge visible at the bottom, on a neutral warm-grey seamless background, soft north light from the left, ruffled petal layers and green sepals sharp, colour-accurate soft pink, no hands, no faces, no text.","hands, fingers, arms, faces, people, shop interior, shopfront, premises, signage, text, lettering, numbers, watermark, logo, price tag, greetings card message, fused or impossible stems, extra petals, melted or waxy petals, plastic or silk flowers, wilted flowers, wrong flower species, implausible stem count, harsh flash, heavy vignette, cluttered background, props, tiled or repeated pattern"
"63","fo-bq-022-hero","FO-BQ-022","Peony Hour","","hero","bouquet · minimal · premium","249811054","fo-bq-022-hero.png","A hand-tied restrained bouquet of 15 pure white peonies, wrapped in white paper and tied with plain twine, centred at 4:5 with an 8% margin on every side, on a neutral warm-grey seamless background, soft north light from the left, colour-accurate pure white heads, natural stem structure, no hands, no faces, no text.","hands, fingers, arms, faces, people, shop interior, shopfront, premises, signage, text, lettering, numbers, watermark, logo, price tag, greetings card message, fused or impossible stems, extra petals, melted or waxy petals, plastic or silk flowers, wilted flowers, wrong flower species, implausible stem count, harsh flash, heavy vignette, cluttered background, props, tiled or repeated pattern"
"64","fo-bq-022-detail","FO-BQ-022","Peony Hour","","detail","bouquet · minimal · premium","268162347","fo-bq-022-detail.png","A close detail of the same bouquet of 15 pure white peonies: the three nearest heads filling the frame at 4:5, the white paper edge visible at the bottom, on a neutral warm-grey seamless background, soft north light from the left, ruffled petal layers and green sepals sharp, colour-accurate pure white, no hands, no faces, no text.","hands, fingers, arms, faces, people, shop interior, shopfront, premises, signage, text, lettering, numbers, watermark, logo, price tag, greetings card message, fused or impossible stems, extra petals, melted or waxy petals, plastic or silk flowers, wilted flowers, wrong flower species, implausible stem count, harsh flash, heavy vignette, cluttered background, props, tiled or repeated pattern"
"65","fo-bq-024-hero","FO-BQ-024","High Summer","","hero","bouquet · rustic · essential","70199690","fo-bq-024-hero.png","A hand-tied rustic bouquet of 9 bright yellow sunflowers with wheat and green foliage, wrapped in kraft paper and tied with plain twine, centred at 4:5 with an 8% margin on every side, on a neutral warm-grey seamless background, soft north light from the left, colour-accurate bright yellow heads, natural stem structure, no hands, no faces, no text.","hands, fingers, arms, faces, people, shop interior, shopfront, premises, signage, text, lettering, numbers, watermark, logo, price tag, greetings card message, fused or impossible stems, extra petals, melted or waxy petals, plastic or silk flowers, wilted flowers, wrong flower species, implausible stem count, harsh flash, heavy vignette, cluttered background, props, tiled or repeated pattern"
"66","fo-bq-024-detail","FO-BQ-024","High Summer","","detail","bouquet · rustic · essential","236018864","fo-bq-024-detail.png","A close detail of the same bouquet of 9 bright yellow sunflowers: the three nearest heads filling the frame at 4:5, the kraft paper edge visible at the bottom, on a neutral warm-grey seamless background, soft north light from the left, seed-head texture and petal edges sharp, colour-accurate bright yellow, no hands, no faces, no text.","hands, fingers, arms, faces, people, shop interior, shopfront, premises, signage, text, lettering, numbers, watermark, logo, price tag, greetings card message, fused or impossible stems, extra petals, melted or waxy petals, plastic or silk flowers, wilted flowers, wrong flower species, implausible stem count, harsh flash, heavy vignette, cluttered background, props, tiled or repeated pattern"
"67","fo-bq-025-hero","FO-BQ-025","Late Harvest","","hero","bouquet · rustic · classic","101415413","fo-bq-025-hero.png","A hand-tied rustic bouquet of 9 warm orange sunflowers with wheat and green foliage, wrapped in kraft paper and tied with plain twine, centred at 4:5 with an 8% margin on every side, on a neutral warm-grey seamless background, soft north light from the left, colour-accurate warm orange heads, natural stem structure, no hands, no faces, no text.","hands, fingers, arms, faces, people, shop interior, shopfront, premises, signage, text, lettering, numbers, watermark, logo, price tag, greetings card message, fused or impossible stems, extra petals, melted or waxy petals, plastic or silk flowers, wilted flowers, wrong flower species, implausible stem count, harsh flash, heavy vignette, cluttered background, props, tiled or repeated pattern"
"68","fo-bq-025-detail","FO-BQ-025","Late Harvest","","detail","bouquet · rustic · classic","173129962","fo-bq-025-detail.png","A close detail of the same bouquet of 9 warm orange sunflowers: the three nearest heads filling the frame at 4:5, the kraft paper edge visible at the bottom, on a neutral warm-grey seamless background, soft north light from the left, seed-head texture and petal edges sharp, colour-accurate warm orange, no hands, no faces, no text.","hands, fingers, arms, faces, people, shop interior, shopfront, premises, signage, text, lettering, numbers, watermark, logo, price tag, greetings card message, fused or impossible stems, extra petals, melted or waxy petals, plastic or silk flowers, wilted flowers, wrong flower species, implausible stem count, harsh flash, heavy vignette, cluttered background, props, tiled or repeated pattern"
"69","fo-bq-026-hero","FO-BQ-026","Bright Side","","hero","bouquet · modern · essential","247107502","fo-bq-026-hero.png","A hand-tied modern bouquet of 15 vivid gerberas, wrapped in kraft paper and tied with plain twine, centred at 4:5 with an 8% margin on every side, on a neutral warm-grey seamless background, soft north light from the left, colour-accurate vivid heads, natural stem structure, no hands, no faces, no text.","hands, fingers, arms, faces, people, shop interior, shopfront, premises, signage, text, lettering, numbers, watermark, logo, price tag, greetings card message, fused or impossible stems, extra petals, melted or waxy petals, plastic or silk flowers, wilted flowers, wrong flower species, implausible stem count, harsh flash, heavy vignette, cluttered background, props, tiled or repeated pattern"
"70","fo-bq-026-detail","FO-BQ-026","Bright Side","","detail","bouquet · modern · essential","93947","fo-bq-026-detail.png","A close detail of the same bouquet of 15 vivid gerberas: the three nearest heads filling the frame at 4:5, the kraft paper edge visible at the bottom, on a neutral warm-grey seamless background, soft north light from the left, the flat disc florets and petal edges sharp, colour-accurate vivid, no hands, no faces, no text.","hands, fingers, arms, faces, people, shop interior, shopfront, premises, signage, text, lettering, numbers, watermark, logo, price tag, greetings card message, fused or impossible stems, extra petals, melted or waxy petals, plastic or silk flowers, wilted flowers, wrong flower species, implausible stem count, harsh flash, heavy vignette, cluttered background, props, tiled or repeated pattern"
"71","fo-bq-027-hero","FO-BQ-027","Carousel","","hero","bouquet · modern · essential","235517116","fo-bq-027-hero.png","A hand-tied modern bouquet of 15 mixed-colour gerberas, wrapped in kraft paper and tied with plain twine, centred at 4:5 with an 8% margin on every side, on a neutral warm-grey seamless background, soft north light from the left, colour-accurate mixed-colour heads, natural stem structure, no hands, no faces, no text.","hands, fingers, arms, faces, people, shop interior, shopfront, premises, signage, text, lettering, numbers, watermark, logo, price tag, greetings card message, fused or impossible stems, extra petals, melted or waxy petals, plastic or silk flowers, wilted flowers, wrong flower species, implausible stem count, harsh flash, heavy vignette, cluttered background, props, tiled or repeated pattern"
"72","fo-bq-027-detail","FO-BQ-027","Carousel","","detail","bouquet · modern · essential","250590234","fo-bq-027-detail.png","A close detail of the same bouquet of 15 mixed-colour gerberas: the three nearest heads filling the frame at 4:5, the kraft paper edge visible at the bottom, on a neutral warm-grey seamless background, soft north light from the left, the flat disc florets and petal edges sharp, colour-accurate mixed-colour, no hands, no faces, no text.","hands, fingers, arms, faces, people, shop interior, shopfront, premises, signage, text, lettering, numbers, watermark, logo, price tag, greetings card message, fused or impossible stems, extra petals, melted or waxy petals, plastic or silk flowers, wilted flowers, wrong flower species, implausible stem count, harsh flash, heavy vignette, cluttered background, props, tiled or repeated pattern"
"73","fo-bq-029-hero","FO-BQ-029","Garden Letter","","hero","bouquet · rustic · classic","25087287","fo-bq-029-hero.png","A hand-tied rustic bouquet of 18 soft pastel mixed, wrapped in kraft paper and tied with plain twine, centred at 4:5 with an 8% margin on every side, on a neutral warm-grey seamless background, soft north light from the left, colour-accurate soft pastel heads, natural stem structure, no hands, no faces, no text.","hands, fingers, arms, faces, people, shop interior, shopfront, premises, signage, text, lettering, numbers, watermark, logo, price tag, greetings card message, fused or impossible stems, extra petals, melted or waxy petals, plastic or silk flowers, wilted flowers, wrong flower species, implausible stem count, harsh flash, heavy vignette, cluttered background, props, tiled or repeated pattern"
"74","fo-bq-029-detail","FO-BQ-029","Garden Letter","","detail","bouquet · rustic · classic","216778691","fo-bq-029-detail.png","A close detail of the same bouquet of 18 soft pastel mixed: the three nearest heads filling the frame at 4:5, the kraft paper edge visible at the bottom, on a neutral warm-grey seamless background, soft north light from the left, petal texture across the three nearest heads sharp, colour-accurate soft pastel, no hands, no faces, no text.","hands, fingers, arms, faces, people, shop interior, shopfront, premises, signage, text, lettering, numbers, watermark, logo, price tag, greetings card message, fused or impossible stems, extra petals, melted or waxy petals, plastic or silk flowers, wilted flowers, wrong flower species, implausible stem count, harsh flash, heavy vignette, cluttered background, props, tiled or repeated pattern"
"75","fo-bq-030-hero","FO-BQ-030","Late Summer Table","","hero","bouquet · rustic · classic","37780248","fo-bq-030-hero.png","A hand-tied rustic bouquet of 18 warm orange mixed, wrapped in kraft paper and tied with plain twine, centred at 4:5 with an 8% margin on every side, on a neutral warm-grey seamless background, soft north light from the left, colour-accurate warm orange heads, natural stem structure, no hands, no faces, no text.","hands, fingers, arms, faces, people, shop interior, shopfront, premises, signage, text, lettering, numbers, watermark, logo, price tag, greetings card message, fused or impossible stems, extra petals, melted or waxy petals, plastic or silk flowers, wilted flowers, wrong flower species, implausible stem count, harsh flash, heavy vignette, cluttered background, props, tiled or repeated pattern"
"76","fo-bq-030-detail","FO-BQ-030","Late Summer Table","","detail","bouquet · rustic · classic","144098734","fo-bq-030-detail.png","A close detail of the same bouquet of 18 warm orange mixed: the three nearest heads filling the frame at 4:5, the kraft paper edge visible at the bottom, on a neutral warm-grey seamless background, soft north light from the left, petal texture across the three nearest heads sharp, colour-accurate warm orange, no hands, no faces, no text.","hands, fingers, arms, faces, people, shop interior, shopfront, premises, signage, text, lettering, numbers, watermark, logo, price tag, greetings card message, fused or impossible stems, extra petals, melted or waxy petals, plastic or silk flowers, wilted flowers, wrong flower species, implausible stem count, harsh flash, heavy vignette, cluttered background, props, tiled or repeated pattern"
"77","fo-bq-031-hero","FO-BQ-031","Pastel Weekend","","hero","bouquet · minimal · essential","235399852","fo-bq-031-hero.png","A hand-tied restrained bouquet of 18 soft pastel mixed, wrapped in kraft paper and tied with plain twine, centred at 4:5 with an 8% margin on every side, on a neutral warm-grey seamless background, soft north light from the left, colour-accurate soft pastel heads, natural stem structure, no hands, no faces, no text.","hands, fingers, arms, faces, people, shop interior, shopfront, premises, signage, text, lettering, numbers, watermark, logo, price tag, greetings card message, fused or impossible stems, extra petals, melted or waxy petals, plastic or silk flowers, wilted flowers, wrong flower species, implausible stem count, harsh flash, heavy vignette, cluttered background, props, tiled or repeated pattern"
"78","fo-bq-031-detail","FO-BQ-031","Pastel Weekend","","detail","bouquet · minimal · essential","120484536","fo-bq-031-detail.png","A close detail of the same bouquet of 18 soft pastel mixed: the three nearest heads filling the frame at 4:5, the kraft paper edge visible at the bottom, on a neutral warm-grey seamless background, soft north light from the left, petal texture across the three nearest heads sharp, colour-accurate soft pastel, no hands, no faces, no text.","hands, fingers, arms, faces, people, shop interior, shopfront, premises, signage, text, lettering, numbers, watermark, logo, price tag, greetings card message, fused or impossible stems, extra petals, melted or waxy petals, plastic or silk flowers, wilted flowers, wrong flower species, implausible stem count, harsh flash, heavy vignette, cluttered background, props, tiled or repeated pattern"
"79","fo-bq-032-hero","FO-BQ-032","Painter's Table","","hero","bouquet · modern · premium","151815220","fo-bq-032-hero.png","A hand-tied modern bouquet of 18 vivid mixed, wrapped in white paper and tied with plain twine, centred at 4:5 with an 8% margin on every side, on a neutral warm-grey seamless background, soft north light from the left, colour-accurate vivid heads, natural stem structure, no hands, no faces, no text.","hands, fingers, arms, faces, people, shop interior, shopfront, premises, signage, text, lettering, numbers, watermark, logo, price tag, greetings card message, fused or impossible stems, extra petals, melted or waxy petals, plastic or silk flowers, wilted flowers, wrong flower species, implausible stem count, harsh flash, heavy vignette, cluttered background, props, tiled or repeated pattern"
"80","fo-bq-032-detail","FO-BQ-032","Painter's Table","","detail","bouquet · modern · premium","10358486","fo-bq-032-detail.png","A close detail of the same bouquet of 18 vivid mixed: the three nearest heads filling the frame at 4:5, the white paper edge visible at the bottom, on a neutral warm-grey seamless background, soft north light from the left, petal texture across the three nearest heads sharp, colour-accurate vivid, no hands, no faces, no text.","hands, fingers, arms, faces, people, shop interior, shopfront, premises, signage, text, lettering, numbers, watermark, logo, price tag, greetings card message, fused or impossible stems, extra petals, melted or waxy petals, plastic or silk flowers, wilted flowers, wrong flower species, implausible stem count, harsh flash, heavy vignette, cluttered background, props, tiled or repeated pattern"
"81","fo-bq-033-hero","FO-BQ-033","Long Weekend","","hero","bouquet · rustic · essential","219320956","fo-bq-033-hero.png","A hand-tied rustic bouquet of 18 mixed-colour mixed, wrapped in kraft paper and tied with plain twine, centred at 4:5 with an 8% margin on every side, on a neutral warm-grey seamless background, soft north light from the left, colour-accurate mixed-colour heads, natural stem structure, no hands, no faces, no text.","hands, fingers, arms, faces, people, shop interior, shopfront, premises, signage, text, lettering, numbers, watermark, logo, price tag, greetings card message, fused or impossible stems, extra petals, melted or waxy petals, plastic or silk flowers, wilted flowers, wrong flower species, implausible stem count, harsh flash, heavy vignette, cluttered background, props, tiled or repeated pattern"
"82","fo-bq-033-detail","FO-BQ-033","Long Weekend","","detail","bouquet · rustic · essential","182297281","fo-bq-033-detail.png","A close detail of the same bouquet of 18 mixed-colour mixed: the three nearest heads filling the frame at 4:5, the kraft paper edge visible at the bottom, on a neutral warm-grey seamless background, soft north light from the left, petal texture across the three nearest heads sharp, colour-accurate mixed-colour, no hands, no faces, no text.","hands, fingers, arms, faces, people, shop interior, shopfront, premises, signage, text, lettering, numbers, watermark, logo, price tag, greetings card message, fused or impossible stems, extra petals, melted or waxy petals, plastic or silk flowers, wilted flowers, wrong flower species, implausible stem count, harsh flash, heavy vignette, cluttered background, props, tiled or repeated pattern"
"83","fo-bq-034-hero","FO-BQ-034","Season's Hand","","hero","bouquet · rustic · classic","264982509","fo-bq-034-hero.png","A hand-tied rustic bouquet of 18 mixed-colour seasonal stems, wrapped in kraft paper and tied with plain twine, centred at 4:5 with an 8% margin on every side, on a neutral warm-grey seamless background, soft north light from the left, colour-accurate mixed-colour heads, natural stem structure, no hands, no faces, no text.","hands, fingers, arms, faces, people, shop interior, shopfront, premises, signage, text, lettering, numbers, watermark, logo, price tag, greetings card message, fused or impossible stems, extra petals, melted or waxy petals, plastic or silk flowers, wilted flowers, wrong flower species, implausible stem count, harsh flash, heavy vignette, cluttered background, props, tiled or repeated pattern"
"84","fo-bq-034-detail","FO-BQ-034","Season's Hand","","detail","bouquet · rustic · classic","177578600","fo-bq-034-detail.png","A close detail of the same bouquet of 18 mixed-colour seasonal stems: the three nearest heads filling the frame at 4:5, the kraft paper edge visible at the bottom, on a neutral warm-grey seamless background, soft north light from the left, petal texture across the three nearest heads sharp, colour-accurate mixed-colour, no hands, no faces, no text.","hands, fingers, arms, faces, people, shop interior, shopfront, premises, signage, text, lettering, numbers, watermark, logo, price tag, greetings card message, fused or impossible stems, extra petals, melted or waxy petals, plastic or silk flowers, wilted flowers, wrong flower species, implausible stem count, harsh flash, heavy vignette, cluttered background, props, tiled or repeated pattern"
"85","fo-bq-035-hero","FO-BQ-035","Harvest Light","","hero","bouquet · rustic · classic","126263332","fo-bq-035-hero.png","A hand-tied rustic bouquet of 18 warm orange seasonal stems, wrapped in kraft paper and tied with plain twine, centred at 4:5 with an 8% margin on every side, on a neutral warm-grey seamless background, soft north light from the left, colour-accurate warm orange heads, natural stem structure, no hands, no faces, no text.","hands, fingers, arms, faces, people, shop interior, shopfront, premises, signage, text, lettering, numbers, watermark, logo, price tag, greetings card message, fused or impossible stems, extra petals, melted or waxy petals, plastic or silk flowers, wilted flowers, wrong flower species, implausible stem count, harsh flash, heavy vignette, cluttered background, props, tiled or repeated pattern"
"86","fo-bq-035-detail","FO-BQ-035","Harvest Light","","detail","bouquet · rustic · classic","244268228","fo-bq-035-detail.png","A close detail of the same bouquet of 18 warm orange seasonal stems: the three nearest heads filling the frame at 4:5, the kraft paper edge visible at the bottom, on a neutral warm-grey seamless background, soft north light from the left, petal texture across the three nearest heads sharp, colour-accurate warm orange, no hands, no faces, no text.","hands, fingers, arms, faces, people, shop interior, shopfront, premises, signage, text, lettering, numbers, watermark, logo, price tag, greetings card message, fused or impossible stems, extra petals, melted or waxy petals, plastic or silk flowers, wilted flowers, wrong flower species, implausible stem count, harsh flash, heavy vignette, cluttered background, props, tiled or repeated pattern"
"87","fo-bq-036-hero","FO-BQ-036","Winter Table","","hero","bouquet · classic · premium","162546247","fo-bq-036-hero.png","A hand-tied bouquet of 18 pure white seasonal stems, wrapped in white paper and tied with plain twine, centred at 4:5 with an 8% margin on every side, on a neutral warm-grey seamless background, soft north light from the left, colour-accurate pure white heads, natural stem structure, no hands, no faces, no text.","hands, fingers, arms, faces, people, shop interior, shopfront, premises, signage, text, lettering, numbers, watermark, logo, price tag, greetings card message, fused or impossible stems, extra petals, melted or waxy petals, plastic or silk flowers, wilted flowers, wrong flower species, implausible stem count, harsh flash, heavy vignette, cluttered background, props, tiled or repeated pattern"
"88","fo-bq-036-detail","FO-BQ-036","Winter Table","","detail","bouquet · classic · premium","91652209","fo-bq-036-detail.png","A close detail of the same bouquet of 18 pure white seasonal stems: the three nearest heads filling the frame at 4:5, the white paper edge visible at the bottom, on a neutral warm-grey seamless background, soft north light from the left, petal texture across the three nearest heads sharp, colour-accurate pure white, no hands, no faces, no text.","hands, fingers, arms, faces, people, shop interior, shopfront, premises, signage, text, lettering, numbers, watermark, logo, price tag, greetings card message, fused or impossible stems, extra petals, melted or waxy petals, plastic or silk flowers, wilted flowers, wrong flower species, implausible stem count, harsh flash, heavy vignette, cluttered background, props, tiled or repeated pattern"
"89","fo-bq-038-hero","FO-BQ-038","Old Town","","hero","bouquet · classic · essential","198230505","fo-bq-038-hero.png","A hand-tied bouquet of 18 deep red carnations, wrapped in kraft paper and tied with plain twine, centred at 4:5 with an 8% margin on every side, on a neutral warm-grey seamless background, soft north light from the left, colour-accurate deep red heads, natural stem structure, no hands, no faces, no text.","hands, fingers, arms, faces, people, shop interior, shopfront, premises, signage, text, lettering, numbers, watermark, logo, price tag, greetings card message, fused or impossible stems, extra petals, melted or waxy petals, plastic or silk flowers, wilted flowers, wrong flower species, implausible stem count, harsh flash, heavy vignette, cluttered background, props, tiled or repeated pattern"
"90","fo-bq-038-detail","FO-BQ-038","Old Town","","detail","bouquet · classic · essential","257768147","fo-bq-038-detail.png","A close detail of the same bouquet of 18 deep red carnations: the three nearest heads filling the frame at 4:5, the kraft paper edge visible at the bottom, on a neutral warm-grey seamless background, soft north light from the left, the fringed petal edges sharp, colour-accurate deep red, no hands, no faces, no text.","hands, fingers, arms, faces, people, shop interior, shopfront, premises, signage, text, lettering, numbers, watermark, logo, price tag, greetings card message, fused or impossible stems, extra petals, melted or waxy petals, plastic or silk flowers, wilted flowers, wrong flower species, implausible stem count, harsh flash, heavy vignette, cluttered background, props, tiled or repeated pattern"
"91","fo-bq-039-hero","FO-BQ-039","Blue Hour","","hero","bouquet · modern · premium","250237557","fo-bq-039-hero.png","A hand-tied modern bouquet of 5 blue hydrangeas with dark green foliage, wrapped in white paper and tied with plain twine, centred at 4:5 with an 8% margin on every side, on a neutral warm-grey seamless background, soft north light from the left, colour-accurate blue heads, natural stem structure, no hands, no faces, no text.","hands, fingers, arms, faces, people, shop interior, shopfront, premises, signage, text, lettering, numbers, watermark, logo, price tag, greetings card message, fused or impossible stems, extra petals, melted or waxy petals, plastic or silk flowers, wilted flowers, wrong flower species, implausible stem count, harsh flash, heavy vignette, cluttered background, props, tiled or repeated pattern"
"92","fo-bq-039-detail","FO-BQ-039","Blue Hour","","detail","bouquet · modern · premium","105536369","fo-bq-039-detail.png","A close detail of the same bouquet of 5 blue hydrangeas: the three nearest heads filling the frame at 4:5, the white paper edge visible at the bottom, on a neutral warm-grey seamless background, soft north light from the left, the clustered florets sharp, colour-accurate blue, no hands, no faces, no text.","hands, fingers, arms, faces, people, shop interior, shopfront, premises, signage, text, lettering, numbers, watermark, logo, price tag, greetings card message, fused or impossible stems, extra petals, melted or waxy petals, plastic or silk flowers, wilted flowers, wrong flower species, implausible stem count, harsh flash, heavy vignette, cluttered background, props, tiled or repeated pattern"
"93","fo-bq-040-hero","FO-BQ-040","Morning Scent","","hero","bouquet · minimal · classic","211197139","fo-bq-040-hero.png","A hand-tied restrained bouquet of 25 pure white freesias, wrapped in kraft paper and tied with plain twine, centred at 4:5 with an 8% margin on every side, on a neutral warm-grey seamless background, soft north light from the left, colour-accurate pure white heads, natural stem structure, no hands, no faces, no text.","hands, fingers, arms, faces, people, shop interior, shopfront, premises, signage, text, lettering, numbers, watermark, logo, price tag, greetings card message, fused or impossible stems, extra petals, melted or waxy petals, plastic or silk flowers, wilted flowers, wrong flower species, implausible stem count, harsh flash, heavy vignette, cluttered background, props, tiled or repeated pattern"
"94","fo-bq-040-detail","FO-BQ-040","Morning Scent","","detail","bouquet · minimal · classic","764901","fo-bq-040-detail.png","A close detail of the same bouquet of 25 pure white freesias: the three nearest heads filling the frame at 4:5, the kraft paper edge visible at the bottom, on a neutral warm-grey seamless background, soft north light from the left, the trumpet throats and buds sharp, colour-accurate pure white, no hands, no faces, no text.","hands, fingers, arms, faces, people, shop interior, shopfront, premises, signage, text, lettering, numbers, watermark, logo, price tag, greetings card message, fused or impossible stems, extra petals, melted or waxy petals, plastic or silk flowers, wilted flowers, wrong flower species, implausible stem count, harsh flash, heavy vignette, cluttered background, props, tiled or repeated pattern"
"95","fo-fn-002-hero","FO-FN-002","Standing Spray","","hero","funeral · classic · premium","174731618","fo-fn-002-hero.png","A restrained funeral tribute of pure white lilies with dark green foliage, standing on a neutral stone surface, dignified and unadorned, no ribbon lettering, centred at 4:5 with an 8% margin on every side, on a neutral warm-grey seamless background, soft north light from the left, colour-accurate pure white heads, natural stem structure, no hands, no faces, no text.","hands, fingers, arms, faces, people, shop interior, shopfront, premises, signage, text, lettering, numbers, watermark, logo, price tag, greetings card message, fused or impossible stems, extra petals, melted or waxy petals, plastic or silk flowers, wilted flowers, wrong flower species, implausible stem count, harsh flash, heavy vignette, cluttered background, props, tiled or repeated pattern"
"96","fo-fn-002-detail","FO-FN-002","Standing Spray","","detail","funeral · classic · premium","187614037","fo-fn-002-detail.png","A close detail of the same tribute of pure white lilies: the three nearest heads filling the frame at 4:5, the stone surface visible beneath, on a neutral warm-grey seamless background, soft north light from the left, stamens and petal veining sharp, colour-accurate pure white, no hands, no faces, no text.","hands, fingers, arms, faces, people, shop interior, shopfront, premises, signage, text, lettering, numbers, watermark, logo, price tag, greetings card message, fused or impossible stems, extra petals, melted or waxy petals, plastic or silk flowers, wilted flowers, wrong flower species, implausible stem count, harsh flash, heavy vignette, cluttered background, props, tiled or repeated pattern"
"97","fo-fn-003-hero","FO-FN-003","Casket Spray","","hero","funeral · classic · luxury","223025985","fo-fn-003-hero.png","A restrained funeral tribute of pure white lilies with dark green foliage, standing on a neutral stone surface, dignified and unadorned, no ribbon lettering, centred at 4:5 with an 8% margin on every side, on a neutral warm-grey seamless background, soft north light from the left, colour-accurate pure white heads, natural stem structure, no hands, no faces, no text.","hands, fingers, arms, faces, people, shop interior, shopfront, premises, signage, text, lettering, numbers, watermark, logo, price tag, greetings card message, fused or impossible stems, extra petals, melted or waxy petals, plastic or silk flowers, wilted flowers, wrong flower species, implausible stem count, harsh flash, heavy vignette, cluttered background, props, tiled or repeated pattern"
"98","fo-fn-003-detail","FO-FN-003","Casket Spray","","detail","funeral · classic · luxury","111482102","fo-fn-003-detail.png","A close detail of the same tribute of pure white lilies: the three nearest heads filling the frame at 4:5, the stone surface visible beneath, on a neutral warm-grey seamless background, soft north light from the left, stamens and petal veining sharp, colour-accurate pure white, no hands, no faces, no text.","hands, fingers, arms, faces, people, shop interior, shopfront, premises, signage, text, lettering, numbers, watermark, logo, price tag, greetings card message, fused or impossible stems, extra petals, melted or waxy petals, plastic or silk flowers, wilted flowers, wrong flower species, implausible stem count, harsh flash, heavy vignette, cluttered background, props, tiled or repeated pattern"
"99","fo-fn-004-hero","FO-FN-004","White Heart","","hero","funeral · classic · luxury","52694839","fo-fn-004-hero.png","A restrained funeral tribute of pure white roses with eucalyptus, standing on a neutral stone surface, dignified and unadorned, no ribbon lettering, centred at 4:5 with an 8% margin on every side, on a neutral warm-grey seamless background, soft north light from the left, colour-accurate pure white heads, natural stem structure, no hands, no faces, no text.","hands, fingers, arms, faces, people, shop interior, shopfront, premises, signage, text, lettering, numbers, watermark, logo, price tag, greetings card message, fused or impossible stems, extra petals, melted or waxy petals, plastic or silk flowers, wilted flowers, wrong flower species, implausible stem count, harsh flash, heavy vignette, cluttered background, props, tiled or repeated pattern"
"100","fo-fn-004-detail","FO-FN-004","White Heart","","detail","funeral · classic · luxury","208464399","fo-fn-004-detail.png","A close detail of the same tribute of pure white roses: the three nearest heads filling the frame at 4:5, the stone surface visible beneath, on a neutral warm-grey seamless background, soft north light from the left, petal texture and calyx sharp, colour-accurate pure white, no hands, no faces, no text.","hands, fingers, arms, faces, people, shop interior, shopfront, premises, signage, text, lettering, numbers, watermark, logo, price tag, greetings card message, fused or impossible stems, extra petals, melted or waxy petals, plastic or silk flowers, wilted flowers, wrong flower species, implausible stem count, harsh flash, heavy vignette, cluttered background, props, tiled or repeated pattern"
"101","fo-fn-005-hero","FO-FN-005","Sympathy Basket","","hero","funeral · classic · classic","67661122","fo-fn-005-hero.png","A restrained funeral tribute of pure white mixed, standing on a neutral stone surface, dignified and unadorned, no ribbon lettering, centred at 4:5 with an 8% margin on every side, on a neutral warm-grey seamless background, soft north light from the left, colour-accurate pure white heads, natural stem structure, no hands, no faces, no text.","hands, fingers, arms, faces, people, shop interior, shopfront, premises, signage, text, lettering, numbers, watermark, logo, price tag, greetings card message, fused or impossible stems, extra petals, melted or waxy petals, plastic or silk flowers, wilted flowers, wrong flower species, implausible stem count, harsh flash, heavy vignette, cluttered background, props, tiled or repeated pattern"
"102","fo-fn-005-detail","FO-FN-005","Sympathy Basket","","detail","funeral · classic · classic","10409541","fo-fn-005-detail.png","A close detail of the same tribute of pure white mixed: the three nearest heads filling the frame at 4:5, the stone surface visible beneath, on a neutral warm-grey seamless background, soft north light from the left, petal texture across the three nearest heads sharp, colour-accurate pure white, no hands, no faces, no text.","hands, fingers, arms, faces, people, shop interior, shopfront, premises, signage, text, lettering, numbers, watermark, logo, price tag, greetings card message, fused or impossible stems, extra petals, melted or waxy petals, plastic or silk flowers, wilted flowers, wrong flower species, implausible stem count, harsh flash, heavy vignette, cluttered background, props, tiled or repeated pattern"
"103","fo-fn-006-hero","FO-FN-006","Grave Bouquet","","hero","funeral · rustic · essential","72195871","fo-fn-006-hero.png","A restrained funeral tribute of mixed-colour chrysanthemums with dark green foliage, standing on a neutral stone surface, dignified and unadorned, no ribbon lettering, centred at 4:5 with an 8% margin on every side, on a neutral warm-grey seamless background, soft north light from the left, colour-accurate mixed-colour heads, natural stem structure, no hands, no faces, no text.","hands, fingers, arms, faces, people, shop interior, shopfront, premises, signage, text, lettering, numbers, watermark, logo, price tag, greetings card message, fused or impossible stems, extra petals, melted or waxy petals, plastic or silk flowers, wilted flowers, wrong flower species, implausible stem count, harsh flash, heavy vignette, cluttered background, props, tiled or repeated pattern"
"104","fo-fn-006-detail","FO-FN-006","Grave Bouquet","","detail","funeral · rustic · essential","144689957","fo-fn-006-detail.png","A close detail of the same tribute of mixed-colour chrysanthemums: the three nearest heads filling the frame at 4:5, the stone surface visible beneath, on a neutral warm-grey seamless background, soft north light from the left, the dense incurved petals sharp, colour-accurate mixed-colour, no hands, no faces, no text.","hands, fingers, arms, faces, people, shop interior, shopfront, premises, signage, text, lettering, numbers, watermark, logo, price tag, greetings card message, fused or impossible stems, extra petals, melted or waxy petals, plastic or silk flowers, wilted flowers, wrong flower species, implausible stem count, harsh flash, heavy vignette, cluttered background, props, tiled or repeated pattern"
"105","fo-fn-007-hero","FO-FN-007","Memorial Cross","","hero","funeral · classic · premium","229629105","fo-fn-007-hero.png","A restrained funeral tribute of pure white chrysanthemums with dark green foliage, standing on a neutral stone surface, dignified and unadorned, no ribbon lettering, centred at 4:5 with an 8% margin on every side, on a neutral warm-grey seamless background, soft north light from the left, colour-accurate pure white heads, natural stem structure, no hands, no faces, no text.","hands, fingers, arms, faces, people, shop interior, shopfront, premises, signage, text, lettering, numbers, watermark, logo, price tag, greetings card message, fused or impossible stems, extra petals, melted or waxy petals, plastic or silk flowers, wilted flowers, wrong flower species, implausible stem count, harsh flash, heavy vignette, cluttered background, props, tiled or repeated pattern"
"106","fo-fn-007-detail","FO-FN-007","Memorial Cross","","detail","funeral · classic · premium","252443551","fo-fn-007-detail.png","A close detail of the same tribute of pure white chrysanthemums: the three nearest heads filling the frame at 4:5, the stone surface visible beneath, on a neutral warm-grey seamless background, soft north light from the left, the dense incurved petals sharp, colour-accurate pure white, no hands, no faces, no text.","hands, fingers, arms, faces, people, shop interior, shopfront, premises, signage, text, lettering, numbers, watermark, logo, price tag, greetings card message, fused or impossible stems, extra petals, melted or waxy petals, plastic or silk flowers, wilted flowers, wrong flower species, implausible stem count, harsh flash, heavy vignette, cluttered background, props, tiled or repeated pattern"
"107","fo-fn-008-hero","FO-FN-008","Quiet Wreath","","hero","funeral · minimal · classic","5045957","fo-fn-008-hero.png","A restrained funeral tribute of soft pastel mixed, standing on a neutral stone surface, dignified and unadorned, no ribbon lettering, centred at 4:5 with an 8% margin on every side, on a neutral warm-grey seamless background, soft north light from the left, colour-accurate soft pastel heads, natural stem structure, no hands, no faces, no text.","hands, fingers, arms, faces, people, shop interior, shopfront, premises, signage, text, lettering, numbers, watermark, logo, price tag, greetings card message, fused or impossible stems, extra petals, melted or waxy petals, plastic or silk flowers, wilted flowers, wrong flower species, implausible stem count, harsh flash, heavy vignette, cluttered background, props, tiled or repeated pattern"
"108","fo-fn-008-detail","FO-FN-008","Quiet Wreath","","detail","funeral · minimal · classic","129637588","fo-fn-008-detail.png","A close detail of the same tribute of soft pastel mixed: the three nearest heads filling the frame at 4:5, the stone surface visible beneath, on a neutral warm-grey seamless background, soft north light from the left, petal texture across the three nearest heads sharp, colour-accurate soft pastel, no hands, no faces, no text.","hands, fingers, arms, faces, people, shop interior, shopfront, premises, signage, text, lettering, numbers, watermark, logo, price tag, greetings card message, fused or impossible stems, extra petals, melted or waxy petals, plastic or silk flowers, wilted flowers, wrong flower species, implausible stem count, harsh flash, heavy vignette, cluttered background, props, tiled or repeated pattern"
"109","fo-fn-009-hero","FO-FN-009","Condolence Bouquet","","hero","funeral · classic · classic","260090426","fo-fn-009-hero.png","A restrained funeral tribute of pure white roses with eucalyptus, standing on a neutral stone surface, dignified and unadorned, no ribbon lettering, centred at 4:5 with an 8% margin on every side, on a neutral warm-grey seamless background, soft north light from the left, colour-accurate pure white heads, natural stem structure, no hands, no faces, no text.","hands, fingers, arms, faces, people, shop interior, shopfront, premises, signage, text, lettering, numbers, watermark, logo, price tag, greetings card message, fused or impossible stems, extra petals, melted or waxy petals, plastic or silk flowers, wilted flowers, wrong flower species, implausible stem count, harsh flash, heavy vignette, cluttered background, props, tiled or repeated pattern"
"110","fo-fn-009-detail","FO-FN-009","Condolence Bouquet","","detail","funeral · classic · classic","214320953","fo-fn-009-detail.png","A close detail of the same tribute of pure white roses: the three nearest heads filling the frame at 4:5, the stone surface visible beneath, on a neutral warm-grey seamless background, soft north light from the left, petal texture and calyx sharp, colour-accurate pure white, no hands, no faces, no text.","hands, fingers, arms, faces, people, shop interior, shopfront, premises, signage, text, lettering, numbers, watermark, logo, price tag, greetings card message, fused or impossible stems, extra petals, melted or waxy petals, plastic or silk flowers, wilted flowers, wrong flower species, implausible stem count, harsh flash, heavy vignette, cluttered background, props, tiled or repeated pattern"
"111","fo-fn-010-hero","FO-FN-010","Stone Garden","","hero","funeral · minimal · premium","212071680","fo-fn-010-hero.png","A restrained funeral tribute of pure white mixed, standing on a neutral stone surface, dignified and unadorned, no ribbon lettering, centred at 4:5 with an 8% margin on every side, on a neutral warm-grey seamless background, soft north light from the left, colour-accurate pure white heads, natural stem structure, no hands, no faces, no text.","hands, fingers, arms, faces, people, shop interior, shopfront, premises, signage, text, lettering, numbers, watermark, logo, price tag, greetings card message, fused or impossible stems, extra petals, melted or waxy petals, plastic or silk flowers, wilted flowers, wrong flower species, implausible stem count, harsh flash, heavy vignette, cluttered background, props, tiled or repeated pattern"
"112","fo-fn-010-detail","FO-FN-010","Stone Garden","","detail","funeral · minimal · premium","109588688","fo-fn-010-detail.png","A close detail of the same tribute of pure white mixed: the three nearest heads filling the frame at 4:5, the stone surface visible beneath, on a neutral warm-grey seamless background, soft north light from the left, petal texture across the three nearest heads sharp, colour-accurate pure white, no hands, no faces, no text.","hands, fingers, arms, faces, people, shop interior, shopfront, premises, signage, text, lettering, numbers, watermark, logo, price tag, greetings card message, fused or impossible stems, extra petals, melted or waxy petals, plastic or silk flowers, wilted flowers, wrong flower species, implausible stem count, harsh flash, heavy vignette, cluttered background, props, tiled or repeated pattern"
"113","fo-gs-002-hero","FO-GS-002","Baltic Dawn + Vase","","hero","gift_set · classic · premium","174277073","fo-gs-002-hero.png","A hand-tied bouquet of 18 soft pink roses with eucalyptus, wrapped in kraft paper, beside a plain closed box of chocolates with an unmarked lid and no branding, centred at 4:5 with an 8% margin on every side, on a neutral warm-grey seamless background, soft north light from the left, colour-accurate soft pink heads, natural stem structure, no hands, no faces, no text.","hands, fingers, arms, faces, people, shop interior, shopfront, premises, signage, text, lettering, numbers, watermark, logo, price tag, greetings card message, fused or impossible stems, extra petals, melted or waxy petals, plastic or silk flowers, wilted flowers, wrong flower species, implausible stem count, harsh flash, heavy vignette, cluttered background, props, tiled or repeated pattern"
"114","fo-gs-002-detail","FO-GS-002","Baltic Dawn + Vase","","detail","gift_set · classic · premium","210588323","fo-gs-002-detail.png","A close detail of the same bouquet of 18 soft pink roses: the three nearest heads filling the frame at 4:5, the kraft paper edge visible at the bottom, on a neutral warm-grey seamless background, soft north light from the left, petal texture and calyx sharp, colour-accurate soft pink, no hands, no faces, no text.","hands, fingers, arms, faces, people, shop interior, shopfront, premises, signage, text, lettering, numbers, watermark, logo, price tag, greetings card message, fused or impossible stems, extra petals, melted or waxy petals, plastic or silk flowers, wilted flowers, wrong flower species, implausible stem count, harsh flash, heavy vignette, cluttered background, props, tiled or repeated pattern"
"115","fo-gs-003-hero","FO-GS-003","Welcome Baby Blue + Plush","","hero","gift_set · classic · classic","112094120","fo-gs-003-hero.png","A hand-tied bouquet of 18 blue mixed, wrapped in kraft paper, beside a plain closed box of chocolates with an unmarked lid and no branding, centred at 4:5 with an 8% margin on every side, on a neutral warm-grey seamless background, soft north light from the left, colour-accurate blue heads, natural stem structure, no hands, no faces, no text.","hands, fingers, arms, faces, people, shop interior, shopfront, premises, signage, text, lettering, numbers, watermark, logo, price tag, greetings card message, fused or impossible stems, extra petals, melted or waxy petals, plastic or silk flowers, wilted flowers, wrong flower species, implausible stem count, harsh flash, heavy vignette, cluttered background, props, tiled or repeated pattern"
"116","fo-gs-003-detail","FO-GS-003","Welcome Baby Blue + Plush","","detail","gift_set · classic · classic","50377304","fo-gs-003-detail.png","A close detail of the same bouquet of 18 blue mixed: the three nearest heads filling the frame at 4:5, the kraft paper edge visible at the bottom, on a neutral warm-grey seamless background, soft north light from the left, petal texture across the three nearest heads sharp, colour-accurate blue, no hands, no faces, no text.","hands, fingers, arms, faces, people, shop interior, shopfront, premises, signage, text, lettering, numbers, watermark, logo, price tag, greetings card message, fused or impossible stems, extra petals, melted or waxy petals, plastic or silk flowers, wilted flowers, wrong flower species, implausible stem count, harsh flash, heavy vignette, cluttered background, props, tiled or repeated pattern"
"117","fo-gs-004-hero","FO-GS-004","Welcome Baby Pink + Plush","","hero","gift_set · classic · classic","156784078","fo-gs-004-hero.png","A hand-tied bouquet of 18 soft pink mixed, wrapped in kraft paper, beside a plain closed box of chocolates with an unmarked lid and no branding, centred at 4:5 with an 8% margin on every side, on a neutral warm-grey seamless background, soft north light from the left, colour-accurate soft pink heads, natural stem structure, no hands, no faces, no text.","hands, fingers, arms, faces, people, shop interior, shopfront, premises, signage, text, lettering, numbers, watermark, logo, price tag, greetings card message, fused or impossible stems, extra petals, melted or waxy petals, plastic or silk flowers, wilted flowers, wrong flower species, implausible stem count, harsh flash, heavy vignette, cluttered background, props, tiled or repeated pattern"
"118","fo-gs-004-detail","FO-GS-004","Welcome Baby Pink + Plush","","detail","gift_set · classic · classic","241474770","fo-gs-004-detail.png","A close detail of the same bouquet of 18 soft pink mixed: the three nearest heads filling the frame at 4:5, the kraft paper edge visible at the bottom, on a neutral warm-grey seamless background, soft north light from the left, petal texture across the three nearest heads sharp, colour-accurate soft pink, no hands, no faces, no text.","hands, fingers, arms, faces, people, shop interior, shopfront, premises, signage, text, lettering, numbers, watermark, logo, price tag, greetings card message, fused or impossible stems, extra petals, melted or waxy petals, plastic or silk flowers, wilted flowers, wrong flower species, implausible stem count, harsh flash, heavy vignette, cluttered background, props, tiled or repeated pattern"
"119","fo-gs-005-hero","FO-GS-005","Kraków Spring + Chocolates","","hero","gift_set · rustic · classic","48189568","fo-gs-005-hero.png","A hand-tied rustic bouquet of 25 mixed-colour tulips, wrapped in kraft paper, beside a plain closed box of chocolates with an unmarked lid and no branding, centred at 4:5 with an 8% margin on every side, on a neutral warm-grey seamless background, soft north light from the left, colour-accurate mixed-colour heads, natural stem structure, no hands, no faces, no text.","hands, fingers, arms, faces, people, shop interior, shopfront, premises, signage, text, lettering, numbers, watermark, logo, price tag, greetings card message, fused or impossible stems, extra petals, melted or waxy petals, plastic or silk flowers, wilted flowers, wrong flower species, implausible stem count, harsh flash, heavy vignette, cluttered background, props, tiled or repeated pattern"
"120","fo-gs-005-detail","FO-GS-005","Kraków Spring + Chocolates","","detail","gift_set · rustic · classic","143941581","fo-gs-005-detail.png","A close detail of the same bouquet of 25 mixed-colour tulips: the three nearest heads filling the frame at 4:5, the kraft paper edge visible at the bottom, on a neutral warm-grey seamless background, soft north light from the left, satin petal texture sharp, colour-accurate mixed-colour, no hands, no faces, no text.","hands, fingers, arms, faces, people, shop interior, shopfront, premises, signage, text, lettering, numbers, watermark, logo, price tag, greetings card message, fused or impossible stems, extra petals, melted or waxy petals, plastic or silk flowers, wilted flowers, wrong flower species, implausible stem count, harsh flash, heavy vignette, cluttered background, props, tiled or repeated pattern"
"121","fo-gs-006-hero","FO-GS-006","Quiet Blush + Vase","","hero","gift_set · minimal · classic","222691815","fo-gs-006-hero.png","A hand-tied restrained bouquet of 18 soft pastel roses with eucalyptus, wrapped in kraft paper, beside a plain closed box of chocolates with an unmarked lid and no branding, centred at 4:5 with an 8% margin on every side, on a neutral warm-grey seamless background, soft north light from the left, colour-accurate soft pastel heads, natural stem structure, no hands, no faces, no text.","hands, fingers, arms, faces, people, shop interior, shopfront, premises, signage, text, lettering, numbers, watermark, logo, price tag, greetings card message, fused or impossible stems, extra petals, melted or waxy petals, plastic or silk flowers, wilted flowers, wrong flower species, implausible stem count, harsh flash, heavy vignette, cluttered background, props, tiled or repeated pattern"
"122","fo-gs-006-detail","FO-GS-006","Quiet Blush + Vase","","detail","gift_set · minimal · classic","206978419","fo-gs-006-detail.png","A close detail of the same bouquet of 18 soft pastel roses: the three nearest heads filling the frame at 4:5, the kraft paper edge visible at the bottom, on a neutral warm-grey seamless background, soft north light from the left, petal texture and calyx sharp, colour-accurate soft pastel, no hands, no faces, no text.","hands, fingers, arms, faces, people, shop interior, shopfront, premises, signage, text, lettering, numbers, watermark, logo, price tag, greetings card message, fused or impossible stems, extra petals, melted or waxy petals, plastic or silk flowers, wilted flowers, wrong flower species, implausible stem count, harsh flash, heavy vignette, cluttered background, props, tiled or repeated pattern"
"123","fo-gs-007-hero","FO-GS-007","Field of Gold + Chocolates","","hero","gift_set · rustic · classic","175850934","fo-gs-007-hero.png","A hand-tied rustic bouquet of 9 bright yellow sunflowers with wheat and green foliage, wrapped in kraft paper, beside a plain closed box of chocolates with an unmarked lid and no branding, centred at 4:5 with an 8% margin on every side, on a neutral warm-grey seamless background, soft north light from the left, colour-accurate bright yellow heads, natural stem structure, no hands, no faces, no text.","hands, fingers, arms, faces, people, shop interior, shopfront, premises, signage, text, lettering, numbers, watermark, logo, price tag, greetings card message, fused or impossible stems, extra petals, melted or waxy petals, plastic or silk flowers, wilted flowers, wrong flower species, implausible stem count, harsh flash, heavy vignette, cluttered background, props, tiled or repeated pattern"
"124","fo-gs-007-detail","FO-GS-007","Field of Gold + Chocolates","","detail","gift_set · rustic · classic","261404241","fo-gs-007-detail.png","A close detail of the same bouquet of 9 bright yellow sunflowers: the three nearest heads filling the frame at 4:5, the kraft paper edge visible at the bottom, on a neutral warm-grey seamless background, soft north light from the left, seed-head texture and petal edges sharp, colour-accurate bright yellow, no hands, no faces, no text.","hands, fingers, arms, faces, people, shop interior, shopfront, premises, signage, text, lettering, numbers, watermark, logo, price tag, greetings card message, fused or impossible stems, extra petals, melted or waxy petals, plastic or silk flowers, wilted flowers, wrong flower species, implausible stem count, harsh flash, heavy vignette, cluttered background, props, tiled or repeated pattern"
"125","fo-gs-008-hero","FO-GS-008","Peony Note + Vase","","hero","gift_set · luxury · luxury","179212431","fo-gs-008-hero.png","A hand-tied luxury bouquet of 15 soft pink peonies, wrapped in kraft paper, beside a plain closed box of chocolates with an unmarked lid and no branding, centred at 4:5 with an 8% margin on every side, on a neutral warm-grey seamless background, soft north light from the left, colour-accurate soft pink heads, natural stem structure, no hands, no faces, no text.","hands, fingers, arms, faces, people, shop interior, shopfront, premises, signage, text, lettering, numbers, watermark, logo, price tag, greetings card message, fused or impossible stems, extra petals, melted or waxy petals, plastic or silk flowers, wilted flowers, wrong flower species, implausible stem count, harsh flash, heavy vignette, cluttered background, props, tiled or repeated pattern"
"126","fo-gs-008-detail","FO-GS-008","Peony Note + Vase","","detail","gift_set · luxury · luxury","177726862","fo-gs-008-detail.png","A close detail of the same bouquet of 15 soft pink peonies: the three nearest heads filling the frame at 4:5, the kraft paper edge visible at the bottom, on a neutral warm-grey seamless background, soft north light from the left, ruffled petal layers and green sepals sharp, colour-accurate soft pink, no hands, no faces, no text.","hands, fingers, arms, faces, people, shop interior, shopfront, premises, signage, text, lettering, numbers, watermark, logo, price tag, greetings card message, fused or impossible stems, extra petals, melted or waxy petals, plastic or silk flowers, wilted flowers, wrong flower species, implausible stem count, harsh flash, heavy vignette, cluttered background, props, tiled or repeated pattern"
"127","fo-gs-009-hero","FO-GS-009","Warsaw Morning + Balloon","","hero","gift_set · classic · classic","169808781","fo-gs-009-hero.png","A hand-tied bouquet of 18 mixed-colour mixed, wrapped in kraft paper, beside a plain closed box of chocolates with an unmarked lid and no branding, centred at 4:5 with an 8% margin on every side, on a neutral warm-grey seamless background, soft north light from the left, colour-accurate mixed-colour heads, natural stem structure, no hands, no faces, no text.","hands, fingers, arms, faces, people, shop interior, shopfront, premises, signage, text, lettering, numbers, watermark, logo, price tag, greetings card message, fused or impossible stems, extra petals, melted or waxy petals, plastic or silk flowers, wilted flowers, wrong flower species, implausible stem count, harsh flash, heavy vignette, cluttered background, props, tiled or repeated pattern"
"128","fo-gs-009-detail","FO-GS-009","Warsaw Morning + Balloon","","detail","gift_set · classic · classic","125065125","fo-gs-009-detail.png","A close detail of the same bouquet of 18 mixed-colour mixed: the three nearest heads filling the frame at 4:5, the kraft paper edge visible at the bottom, on a neutral warm-grey seamless background, soft north light from the left, petal texture across the three nearest heads sharp, colour-accurate mixed-colour, no hands, no faces, no text.","hands, fingers, arms, faces, people, shop interior, shopfront, premises, signage, text, lettering, numbers, watermark, logo, price tag, greetings card message, fused or impossible stems, extra petals, melted or waxy petals, plastic or silk flowers, wilted flowers, wrong flower species, implausible stem count, harsh flash, heavy vignette, cluttered background, props, tiled or repeated pattern"
"129","fo-gs-010-hero","FO-GS-010","Bright Side + Balloon","","hero","gift_set · modern · classic","30647830","fo-gs-010-hero.png","A hand-tied modern bouquet of 15 vivid gerberas, wrapped in kraft paper, beside a plain closed box of chocolates with an unmarked lid and no branding, centred at 4:5 with an 8% margin on every side, on a neutral warm-grey seamless background, soft north light from the left, colour-accurate vivid heads, natural stem structure, no hands, no faces, no text.","hands, fingers, arms, faces, people, shop interior, shopfront, premises, signage, text, lettering, numbers, watermark, logo, price tag, greetings card message, fused or impossible stems, extra petals, melted or waxy petals, plastic or silk flowers, wilted flowers, wrong flower species, implausible stem count, harsh flash, heavy vignette, cluttered background, props, tiled or repeated pattern"
"130","fo-gs-010-detail","FO-GS-010","Bright Side + Balloon","","detail","gift_set · modern · classic","181381421","fo-gs-010-detail.png","A close detail of the same bouquet of 15 vivid gerberas: the three nearest heads filling the frame at 4:5, the kraft paper edge visible at the bottom, on a neutral warm-grey seamless background, soft north light from the left, the flat disc florets and petal edges sharp, colour-accurate vivid, no hands, no faces, no text.","hands, fingers, arms, faces, people, shop interior, shopfront, premises, signage, text, lettering, numbers, watermark, logo, price tag, greetings card message, fused or impossible stems, extra petals, melted or waxy petals, plastic or silk flowers, wilted flowers, wrong flower species, implausible stem count, harsh flash, heavy vignette, cluttered background, props, tiled or repeated pattern"
"131","fo-gs-011-hero","FO-GS-011","White Linen + Chocolates","","hero","gift_set · classic · luxury","62815871","fo-gs-011-hero.png","A hand-tied bouquet of 8 pure white lilies with dark green foliage, wrapped in kraft paper, beside a plain closed box of chocolates with an unmarked lid and no branding, centred at 4:5 with an 8% margin on every side, on a neutral warm-grey seamless background, soft north light from the left, colour-accurate pure white heads, natural stem structure, no hands, no faces, no text.","hands, fingers, arms, faces, people, shop interior, shopfront, premises, signage, text, lettering, numbers, watermark, logo, price tag, greetings card message, fused or impossible stems, extra petals, melted or waxy petals, plastic or silk flowers, wilted flowers, wrong flower species, implausible stem count, harsh flash, heavy vignette, cluttered background, props, tiled or repeated pattern"
"132","fo-gs-011-detail","FO-GS-011","White Linen + Chocolates","","detail","gift_set · classic · luxury","49399152","fo-gs-011-detail.png","A close detail of the same bouquet of 8 pure white lilies: the three nearest heads filling the frame at 4:5, the kraft paper edge visible at the bottom, on a neutral warm-grey seamless background, soft north light from the left, stamens and petal veining sharp, colour-accurate pure white, no hands, no faces, no text.","hands, fingers, arms, faces, people, shop interior, shopfront, premises, signage, text, lettering, numbers, watermark, logo, price tag, greetings card message, fused or impossible stems, extra petals, melted or waxy petals, plastic or silk flowers, wilted flowers, wrong flower species, implausible stem count, harsh flash, heavy vignette, cluttered background, props, tiled or repeated pattern"
"133","fo-gs-012-hero","FO-GS-012","Garden Letter + Plush","","hero","gift_set · rustic · classic","122225905","fo-gs-012-hero.png","A hand-tied rustic bouquet of 18 soft pastel mixed, wrapped in kraft paper, beside a plain closed box of chocolates with an unmarked lid and no branding, centred at 4:5 with an 8% margin on every side, on a neutral warm-grey seamless background, soft north light from the left, colour-accurate soft pastel heads, natural stem structure, no hands, no faces, no text.","hands, fingers, arms, faces, people, shop interior, shopfront, premises, signage, text, lettering, numbers, watermark, logo, price tag, greetings card message, fused or impossible stems, extra petals, melted or waxy petals, plastic or silk flowers, wilted flowers, wrong flower species, implausible stem count, harsh flash, heavy vignette, cluttered background, props, tiled or repeated pattern"
"134","fo-gs-012-detail","FO-GS-012","Garden Letter + Plush","","detail","gift_set · rustic · classic","96830887","fo-gs-012-detail.png","A close detail of the same bouquet of 18 soft pastel mixed: the three nearest heads filling the frame at 4:5, the kraft paper edge visible at the bottom, on a neutral warm-grey seamless background, soft north light from the left, petal texture across the three nearest heads sharp, colour-accurate soft pastel, no hands, no faces, no text.","hands, fingers, arms, faces, people, shop interior, shopfront, premises, signage, text, lettering, numbers, watermark, logo, price tag, greetings card message, fused or impossible stems, extra petals, melted or waxy petals, plastic or silk flowers, wilted flowers, wrong flower species, implausible stem count, harsh flash, heavy vignette, cluttered background, props, tiled or repeated pattern"
"135","fo-pt-003-hero","FO-PT-003","Twin Orchid","","hero","plant · luxury · luxury","139829166","fo-pt-003-hero.png","An orchid plant in flower, its pure white blooms open, in a plain white ceramic pot, centred at 4:5 with an 8% margin on every side, on a neutral warm-grey seamless background, soft north light from the left, colour-accurate pure white heads, natural stem structure, no hands, no faces, no text.","hands, fingers, arms, faces, people, shop interior, shopfront, premises, signage, text, lettering, numbers, watermark, logo, price tag, greetings card message, fused or impossible stems, extra petals, melted or waxy petals, plastic or silk flowers, wilted flowers, wrong flower species, implausible stem count, harsh flash, heavy vignette, cluttered background, props, tiled or repeated pattern"
"136","fo-pt-003-detail","FO-PT-003","Twin Orchid","","detail","plant · luxury · luxury","253936657","fo-pt-003-detail.png","A close detail of the same orchid plant: two or three pure white blooms filling the frame at 4:5, the rim of the plain pot visible at the bottom, on a neutral warm-grey seamless background, soft north light from the left, the lip and column sharp, colour-accurate pure white, no hands, no faces, no text.","hands, fingers, arms, faces, people, shop interior, shopfront, premises, signage, text, lettering, numbers, watermark, logo, price tag, greetings card message, fused or impossible stems, extra petals, melted or waxy petals, plastic or silk flowers, wilted flowers, wrong flower species, implausible stem count, harsh flash, heavy vignette, cluttered background, props, tiled or repeated pattern"
"137","fo-pt-004-hero","FO-PT-004","Peace Lily","","hero","plant · classic · classic","180833913","fo-pt-004-hero.png","A lily plant in flower, its pure white blooms open, in a plain white ceramic pot, centred at 4:5 with an 8% margin on every side, on a neutral warm-grey seamless background, soft north light from the left, colour-accurate pure white heads, natural stem structure, no hands, no faces, no text.","hands, fingers, arms, faces, people, shop interior, shopfront, premises, signage, text, lettering, numbers, watermark, logo, price tag, greetings card message, fused or impossible stems, extra petals, melted or waxy petals, plastic or silk flowers, wilted flowers, wrong flower species, implausible stem count, harsh flash, heavy vignette, cluttered background, props, tiled or repeated pattern"
"138","fo-pt-004-detail","FO-PT-004","Peace Lily","","detail","plant · classic · classic","67880747","fo-pt-004-detail.png","A close detail of the same lily plant: two or three pure white blooms filling the frame at 4:5, the rim of the plain pot visible at the bottom, on a neutral warm-grey seamless background, soft north light from the left, stamens and petal veining sharp, colour-accurate pure white, no hands, no faces, no text.","hands, fingers, arms, faces, people, shop interior, shopfront, premises, signage, text, lettering, numbers, watermark, logo, price tag, greetings card message, fused or impossible stems, extra petals, melted or waxy petals, plastic or silk flowers, wilted flowers, wrong flower species, implausible stem count, harsh flash, heavy vignette, cluttered background, props, tiled or repeated pattern"
"139","fo-pt-005-hero","FO-PT-005","Anthurium","","hero","plant · modern · classic","10633874","fo-pt-005-hero.png","A flowering plant, its deep red blooms open, in a plain white ceramic pot, centred at 4:5 with an 8% margin on every side, on a neutral warm-grey seamless background, soft north light from the left, colour-accurate deep red heads, natural stem structure, no hands, no faces, no text.","hands, fingers, arms, faces, people, shop interior, shopfront, premises, signage, text, lettering, numbers, watermark, logo, price tag, greetings card message, fused or impossible stems, extra petals, melted or waxy petals, plastic or silk flowers, wilted flowers, wrong flower species, implausible stem count, harsh flash, heavy vignette, cluttered background, props, tiled or repeated pattern"
"140","fo-pt-005-detail","FO-PT-005","Anthurium","","detail","plant · modern · classic","11582973","fo-pt-005-detail.png","A close detail of the same flowering plant: two or three deep red blooms filling the frame at 4:5, the rim of the plain pot visible at the bottom, on a neutral warm-grey seamless background, soft north light from the left, petal texture across the three nearest heads sharp, colour-accurate deep red, no hands, no faces, no text.","hands, fingers, arms, faces, people, shop interior, shopfront, premises, signage, text, lettering, numbers, watermark, logo, price tag, greetings card message, fused or impossible stems, extra petals, melted or waxy petals, plastic or silk flowers, wilted flowers, wrong flower species, implausible stem count, harsh flash, heavy vignette, cluttered background, props, tiled or repeated pattern"
"141","fo-pt-006-hero","FO-PT-006","Olive Sapling","","hero","plant · rustic · premium","155607178","fo-pt-006-hero.png","A flowering plant, its mixed-colour blooms open, in a plain white ceramic pot, centred at 4:5 with an 8% margin on every side, on a neutral warm-grey seamless background, soft north light from the left, colour-accurate mixed-colour heads, natural stem structure, no hands, no faces, no text.","hands, fingers, arms, faces, people, shop interior, shopfront, premises, signage, text, lettering, numbers, watermark, logo, price tag, greetings card message, fused or impossible stems, extra petals, melted or waxy petals, plastic or silk flowers, wilted flowers, wrong flower species, implausible stem count, harsh flash, heavy vignette, cluttered background, props, tiled or repeated pattern"
"142","fo-pt-006-detail","FO-PT-006","Olive Sapling","","detail","plant · rustic · premium","123767745","fo-pt-006-detail.png","A close detail of the same flowering plant: two or three mixed-colour blooms filling the frame at 4:5, the rim of the plain pot visible at the bottom, on a neutral warm-grey seamless background, soft north light from the left, petal texture across the three nearest heads sharp, colour-accurate mixed-colour, no hands, no faces, no text.","hands, fingers, arms, faces, people, shop interior, shopfront, premises, signage, text, lettering, numbers, watermark, logo, price tag, greetings card message, fused or impossible stems, extra petals, melted or waxy petals, plastic or silk flowers, wilted flowers, wrong flower species, implausible stem count, harsh flash, heavy vignette, cluttered background, props, tiled or repeated pattern"
"143","fo-pt-007-hero","FO-PT-007","Jasmine Pot","","hero","plant · rustic · essential","54172052","fo-pt-007-hero.png","A flowering plant, its pure white blooms open, in a plain white ceramic pot, centred at 4:5 with an 8% margin on every side, on a neutral warm-grey seamless background, soft north light from the left, colour-accurate pure white heads, natural stem structure, no hands, no faces, no text.","hands, fingers, arms, faces, people, shop interior, shopfront, premises, signage, text, lettering, numbers, watermark, logo, price tag, greetings card message, fused or impossible stems, extra petals, melted or waxy petals, plastic or silk flowers, wilted flowers, wrong flower species, implausible stem count, harsh flash, heavy vignette, cluttered background, props, tiled or repeated pattern"
"144","fo-pt-007-detail","FO-PT-007","Jasmine Pot","","detail","plant · rustic · essential","72839972","fo-pt-007-detail.png","A close detail of the same flowering plant: two or three pure white blooms filling the frame at 4:5, the rim of the plain pot visible at the bottom, on a neutral warm-grey seamless background, soft north light from the left, petal texture across the three nearest heads sharp, colour-accurate pure white, no hands, no faces, no text.","hands, fingers, arms, faces, people, shop interior, shopfront, premises, signage, text, lettering, numbers, watermark, logo, price tag, greetings card message, fused or impossible stems, extra petals, melted or waxy petals, plastic or silk flowers, wilted flowers, wrong flower species, implausible stem count, harsh flash, heavy vignette, cluttered background, props, tiled or repeated pattern"
